asset_key,asset_path
cec80784e37c864c,assets/explore_images/cec80784e37c864c.jpg
527a364e7ee2e457,assets/explore_images/527a364e7ee2e457.jpg
fb7c3faabcf42ac2,assets/explore_images/fb7c3faabcf42ac2.jpg
ce5c589870c2d076,assets/explore_images/ce5c589870c2d076.jpg
e98f7ab5f8dfdf29,assets/explore_images/e98f7ab5f8dfdf29.jpg
eb8cf54ade0c9f7d,assets/explore_images/eb8cf54ade0c9f7d.jpg
12c4142889cc0453,assets/explore_images/12c4142889cc0453.jpg
fa187a35b9b78c3f,assets/explore_images/fa187a35b9b78c3f.jpg
959e27fd983b6552,assets/explore_images/959e27fd983b6552.jpg
99d2ec9c7134649b,assets/explore_images/99d2ec9c7134649b.jpg
5c67fbd8a210df86,assets/explore_images/5c67fbd8a210df86.jpg
a908d0c8cdce62af,assets/explore_images/a908d0c8cdce62af.jpg
2e286e8f0f793bc3,assets/explore_images/2e286e8f0f793bc3.jpg
2754668dc7e858b7,assets/explore_images/2754668dc7e858b7.jpg
b5c9dfc8da2d493c,assets/explore_images/b5c9dfc8da2d493c.jpg
207d070ac516aab1,assets/explore_images/207d070ac516aab1.jpg
e32296da3b779399,assets/explore_images/e32296da3b779399.jpg
d04d2cb672fe3379,assets/explore_images/d04d2cb672fe3379.jpg
916dc70a73973e99,assets/explore_images/916dc70a73973e99.jpg
45854a81274b9c32,assets/explore_images/45854a81274b9c32.jpg
bad67cc3548138c7,assets/explore_images/bad67cc3548138c7.jpg
3f3e6e033a03c3aa,assets/explore_images/3f3e6e033a03c3aa.jpg
aa570b11ec74d320,assets/explore_images/aa570b11ec74d320.jpg
f03fdf2ffff19c3c,assets/explore_images/f03fdf2ffff19c3c.jpg
670fa75997592576,assets/explore_images/670fa75997592576.jpg
4a54ff2d18bc44ac,assets/explore_images/4a54ff2d18bc44ac.jpg
6f4b3d63fa31e8f7,assets/explore_images/6f4b3d63fa31e8f7.jpg
e719d3a8b6283e37,assets/explore_images/e719d3a8b6283e37.jpg
5e64e7c8bd8102ab,assets/explore_images/5e64e7c8bd8102ab.jpg
f9c8a4387bdf7f36,assets/explore_images/f9c8a4387bdf7f36.jpg
55d0ad1b10bd5e59,assets/explore_images/55d0ad1b10bd5e59.jpg
9c3649814eb04b30,assets/explore_images/9c3649814eb04b30.jpg
ed25808512a49c73,assets/explore_images/ed25808512a49c73.jpg
005bd4b7ece4c2c3,assets/explore_images/005bd4b7ece4c2c3.jpg
c95c0cbfabfe7fc7,assets/explore_images/c95c0cbfabfe7fc7.jpg
2662230dabc86a42,assets/explore_images/2662230dabc86a42.jpg
2e60a55ae9939999,assets/explore_images/2e60a55ae9939999.jpg
7bfc9408b9dd0cf9,assets/explore_images/7bfc9408b9dd0cf9.jpg
06c1dc75b2fc5d16,assets/explore_images/06c1dc75b2fc5d16.jpg
64b77d57c482cbf1,assets/explore_images/64b77d57c482cbf1.jpg
deefae1e18ec0835,assets/explore_images/deefae1e18ec0835.jpg
e05af5336f7d1565,assets/explore_images/e05af5336f7d1565.jpg
6d28ece184b47dbb,assets/explore_images/6d28ece184b47dbb.jpg
2b9b6031be4ec379,assets/explore_images/2b9b6031be4ec379.jpg
7d2368713462ebbd,assets/explore_images/7d2368713462ebbd.jpg
09f41474845f089d,assets/explore_images/09f41474845f089d.jpg
1cad532796cc14ac,assets/explore_images/1cad532796cc14ac.jpg
8bbd7dea8b681426,assets/explore_images/8bbd7dea8b681426.jpg
66922bf33c7d9865,assets/explore_images/66922bf33c7d9865.jpg
6fcd5a64ecb45ac8,assets/explore_images/6fcd5a64ecb45ac8.jpg
07c07c1d70cc86ad,assets/explore_images/07c07c1d70cc86ad.jpg
451e289d2cac3f1b,assets/explore_images/451e289d2cac3f1b.jpg
acb9a499b2b4334d,assets/explore_images/acb9a499b2b4334d.jpg
63899a6e92224f3e,assets/explore_images/63899a6e92224f3e.jpg
9a262e4e05f4d60a,assets/explore_images/9a262e4e05f4d60a.jpg
b90cd89dea461fc0,assets/explore_images/b90cd89dea461fc0.jpg
f5d3691084105fd6,assets/explore_images/f5d3691084105fd6.jpg
644b280897912817,assets/explore_images/644b280897912817.jpg
6b252bbb7049c6e7,assets/explore_images/6b252bbb7049c6e7.jpg
68cb67a66a157b87,assets/explore_images/68cb67a66a157b87.jpg
952c7515895c3a62,assets/explore_images/952c7515895c3a62.jpg
1f8d5fbba714c681,assets/explore_images/1f8d5fbba714c681.jpg
c0538443dbb285a9,assets/explore_images/c0538443dbb285a9.jpg
4221d933d915a1e9,assets/explore_images/4221d933d915a1e9.jpg
46f4cbbe960d2d7a,assets/explore_images/46f4cbbe960d2d7a.jpg
5ca3c21971468c03,assets/explore_images/5ca3c21971468c03.jpg
971df506f60ca1b6,assets/explore_images/971df506f60ca1b6.jpg
743f249e88755430,assets/explore_images/743f249e88755430.jpg
6c8dbe404492c53a,assets/explore_images/6c8dbe404492c53a.jpg
080d82d9b7f42e3b,assets/explore_images/080d82d9b7f42e3b.jpg
9a2685816b059256,assets/explore_images/9a2685816b059256.jpg
4e504881308539b0,assets/explore_images/4e504881308539b0.jpg
3c087713d362477b,assets/explore_images/3c087713d362477b.jpg
0792680ab7dddd81,assets/explore_images/0792680ab7dddd81.jpg
e9116a88832816c5,assets/explore_images/e9116a88832816c5.jpg
d4a1303743fb9928,assets/explore_images/d4a1303743fb9928.jpg
5c8e0de942156ab5,assets/explore_images/5c8e0de942156ab5.jpg
344d8d7eb6c1f72b,assets/explore_images/344d8d7eb6c1f72b.jpg
fca9b5aeb7464098,assets/explore_images/fca9b5aeb7464098.jpg
4de53d982c559919,assets/explore_images/4de53d982c559919.jpg
88c84e23f86e676a,assets/explore_images/88c84e23f86e676a.jpg
863f4aa26fe181d1,assets/explore_images/863f4aa26fe181d1.jpg
f9df751503d1c876,assets/explore_images/f9df751503d1c876.jpg
dd12f9c8f8bf136f,assets/explore_images/dd12f9c8f8bf136f.jpg
cfffec96b82cd05e,assets/explore_images/cfffec96b82cd05e.jpg
30526efb1ad74e26,assets/explore_images/30526efb1ad74e26.jpg
c8b9577fcee856a6,assets/explore_images/c8b9577fcee856a6.jpg
20cc7678debc84be,assets/explore_images/20cc7678debc84be.jpg
f85792f984bb98a4,assets/explore_images/f85792f984bb98a4.jpg
0a899ab6e0790bc2,assets/explore_images/0a899ab6e0790bc2.jpg
590d8359d39778ad,assets/explore_images/590d8359d39778ad.jpg
112f552a22be2f5b,assets/explore_images/112f552a22be2f5b.jpg
d250bcac6d6e5ad4,assets/explore_images/d250bcac6d6e5ad4.jpg
13d83bf805cdaded,assets/explore_images/13d83bf805cdaded.jpg
2b86111b4abcd709,assets/explore_images/2b86111b4abcd709.jpg
827265e88c6efd99,assets/explore_images/827265e88c6efd99.jpg
25998d92932ad34e,assets/explore_images/25998d92932ad34e.jpg
a2155f155dd5c45f,assets/explore_images/a2155f155dd5c45f.jpg
2088f82bdeb1e304,assets/explore_images/2088f82bdeb1e304.jpg
a53675639787a2cf,assets/explore_images/a53675639787a2cf.jpg
b5c0a9a1ab63971a,assets/explore_images/b5c0a9a1ab63971a.jpg
9ef26d0b5ddf9e7e,assets/explore_images/9ef26d0b5ddf9e7e.jpg
b1a0f323d19a6d55,assets/explore_images/b1a0f323d19a6d55.jpg
d61a8950f227deed,assets/explore_images/d61a8950f227deed.jpg
ab708dd2a6ef7fb2,assets/explore_images/ab708dd2a6ef7fb2.jpg
eca8394951790c30,assets/explore_images/eca8394951790c30.jpg
96576f1464649476,assets/explore_images/96576f1464649476.jpg
23acef9a692dbc45,assets/explore_images/23acef9a692dbc45.jpg
81123df2f2dba72c,assets/explore_images/81123df2f2dba72c.jpg
2526343b43c92342,assets/explore_images/2526343b43c92342.jpg
bf06ab6b591fa6d0,assets/explore_images/bf06ab6b591fa6d0.jpg
3ffc4e53c05603ab,assets/explore_images/3ffc4e53c05603ab.jpg
d11746ad4d6be24b,assets/explore_images/d11746ad4d6be24b.jpg
59b5a4b22c4b6516,assets/explore_images/59b5a4b22c4b6516.jpg
f96e1a075dfca137,assets/explore_images/f96e1a075dfca137.jpg
ac91019456aecb1e,assets/explore_images/ac91019456aecb1e.jpg
683ae82be9992882,assets/explore_images/683ae82be9992882.jpg
052eac9a24cdae5f,assets/explore_images/052eac9a24cdae5f.jpg
9af28fb0c255c0db,assets/explore_images/9af28fb0c255c0db.jpg
462c6963bf1f033c,assets/explore_images/462c6963bf1f033c.jpg
e6247233edd09669,assets/explore_images/e6247233edd09669.jpg
56f6d0ce8ba34f19,assets/explore_images/56f6d0ce8ba34f19.jpg
5c41e9cd9e616949,assets/explore_images/5c41e9cd9e616949.jpg
70c59e7e50b7db32,assets/explore_images/70c59e7e50b7db32.jpg
2493f2175343cef1,assets/explore_images/2493f2175343cef1.jpg
b9444182e4355b8f,assets/explore_images/b9444182e4355b8f.jpg
fdfde656e9b8a289,assets/explore_images/fdfde656e9b8a289.jpg
22f362fa4ebbe3af,assets/explore_images/22f362fa4ebbe3af.jpg
bd90a9cfedf9ef63,assets/explore_images/bd90a9cfedf9ef63.jpg
522cf6fc85c01d3d,assets/explore_images/522cf6fc85c01d3d.jpg
649f9766f29a9a1f,assets/explore_images/649f9766f29a9a1f.jpg
e0922f1e19a79b43,assets/explore_images/e0922f1e19a79b43.jpg
4890440d479affa3,assets/explore_images/4890440d479affa3.jpg
98e935f939567e43,assets/explore_images/98e935f939567e43.jpg
57574a259da9324b,assets/explore_images/57574a259da9324b.jpg
b4ca2641dbb64072,assets/explore_images/b4ca2641dbb64072.jpg
781a10113b7f2b75,assets/explore_images/781a10113b7f2b75.jpg
e0c1c686bffea301,assets/explore_images/e0c1c686bffea301.jpg
917aaa2feee5d2dc,assets/explore_images/917aaa2feee5d2dc.jpg
7c8bb104df2dcf23,assets/explore_images/7c8bb104df2dcf23.jpg
07277d8bc4f4f049,assets/explore_images/07277d8bc4f4f049.jpg
e9b954e3711bae68,assets/explore_images/e9b954e3711bae68.jpg
fe43d537d61bc098,assets/explore_images/fe43d537d61bc098.jpg
4ff7a9ef3aa86c6f,assets/explore_images/4ff7a9ef3aa86c6f.jpg
8a2f919a67676138,assets/explore_images/8a2f919a67676138.jpg
5544485c34ee5cfa,assets/explore_images/5544485c34ee5cfa.jpg
dd5b7f26c2a1b3aa,assets/explore_images/dd5b7f26c2a1b3aa.jpg
49c47f90b9aa60a4,assets/explore_images/49c47f90b9aa60a4.jpg
97cd6aba97cd3fc0,assets/explore_images/97cd6aba97cd3fc0.jpg
c8682d40d0aadcd4,assets/explore_images/c8682d40d0aadcd4.jpg
2f1556cfb567856e,assets/explore_images/2f1556cfb567856e.jpg
1714d3d4dd45d076,assets/explore_images/1714d3d4dd45d076.jpg
8422f2f2acd04b55,assets/explore_images/8422f2f2acd04b55.jpg
d9352040cdc43a9c,assets/explore_images/d9352040cdc43a9c.jpg
813754181898f475,assets/explore_images/813754181898f475.jpg
0f56629cbe76adc9,assets/explore_images/0f56629cbe76adc9.jpg
3a261110086fcd71,assets/explore_images/3a261110086fcd71.jpg
4a89f2322a215c38,assets/explore_images/4a89f2322a215c38.jpg
6be8cbc51121e45f,assets/explore_images/6be8cbc51121e45f.jpg
5b1f79113d498c15,assets/explore_images/5b1f79113d498c15.jpg
3e58a748f9e276ea,assets/explore_images/3e58a748f9e276ea.jpg
0cb247ff5d055467,assets/explore_images/0cb247ff5d055467.jpg
2776577a63d2d417,assets/explore_images/2776577a63d2d417.jpg
fa038c006333094b,assets/explore_images/fa038c006333094b.jpg
76a4aeeb959516d0,assets/explore_images/76a4aeeb959516d0.jpg
e9f21ff6af4de699,assets/explore_images/e9f21ff6af4de699.jpg
b7c56f241e7cb38d,assets/explore_images/b7c56f241e7cb38d.jpg
11a407a6e6921a95,assets/explore_images/11a407a6e6921a95.jpg
2162adfc92766994,assets/explore_images/2162adfc92766994.jpg
7218a8c75dcd4480,assets/explore_images/7218a8c75dcd4480.jpg
522573fa3ebcee42,assets/explore_images/522573fa3ebcee42.jpg
48aa857040ec4c8a,assets/explore_images/48aa857040ec4c8a.jpg
10dd36abc89878c1,assets/explore_images/10dd36abc89878c1.jpg
cfab6a22666203df,assets/explore_images/cfab6a22666203df.jpg
70beb9331d1828c4,assets/explore_images/70beb9331d1828c4.jpg
19b859dbe861c026,assets/explore_images/19b859dbe861c026.jpg
e08d0958f0b8748e,assets/explore_images/e08d0958f0b8748e.jpg
0318c8de54383cd3,assets/explore_images/0318c8de54383cd3.jpg
097ad6ccb58c4765,assets/explore_images/097ad6ccb58c4765.jpg
89972243ebbc4c21,assets/explore_images/89972243ebbc4c21.jpg
2275127f7106cbd1,assets/explore_images/2275127f7106cbd1.jpg
f0208d7c895e0af1,assets/explore_images/f0208d7c895e0af1.jpg
35f17cf3fcd29442,assets/explore_images/35f17cf3fcd29442.jpg
ebfeb64454a42f5f,assets/explore_images/ebfeb64454a42f5f.jpg
982c469c4289460b,assets/explore_images/982c469c4289460b.jpg
6e20fb0fdcb39166,assets/explore_images/6e20fb0fdcb39166.jpg
bf40b70c235bce87,assets/explore_images/bf40b70c235bce87.jpg
e03318a0b1ab627a,assets/explore_images/e03318a0b1ab627a.jpg
1f269e7d8fd39c2f,assets/explore_images/1f269e7d8fd39c2f.jpg
91f1c3742206d68a,assets/explore_images/91f1c3742206d68a.jpg
d2d1d9f3e7762106,assets/explore_images/d2d1d9f3e7762106.jpg
2bd0f19c2ce1fc06,assets/explore_images/2bd0f19c2ce1fc06.jpg
fa0b889a960e2c0b,assets/explore_images/fa0b889a960e2c0b.jpg
462809fc495867ed,assets/explore_images/462809fc495867ed.jpg
b564fdb86d1adf09,assets/explore_images/b564fdb86d1adf09.jpg
bae4e4287c29280f,assets/explore_images/bae4e4287c29280f.jpg
9352badfd4da3aef,assets/explore_images/9352badfd4da3aef.jpg
eaf2d94d6991786e,assets/explore_images/eaf2d94d6991786e.jpg
558464ab8bc88de8,assets/explore_images/558464ab8bc88de8.jpg
4360edad78e3e3d5,assets/explore_images/4360edad78e3e3d5.jpg
f82ebd38485b3798,assets/explore_images/f82ebd38485b3798.jpg
c50248ccc44dfbe9,assets/explore_images/c50248ccc44dfbe9.jpg
5172979d21250312,assets/explore_images/5172979d21250312.jpg
c0d5a339de509dd9,assets/explore_images/c0d5a339de509dd9.jpg
3ec0967441512a60,assets/explore_images/3ec0967441512a60.jpg
3b881ac44d2c46b9,assets/explore_images/3b881ac44d2c46b9.jpg
1849d206f6759e9f,assets/explore_images/1849d206f6759e9f.jpg
db8b2fb3d6980fe3,assets/explore_images/db8b2fb3d6980fe3.jpg
87674bce41931277,assets/explore_images/87674bce41931277.jpg
6e3b4764c7a89b10,assets/explore_images/6e3b4764c7a89b10.jpg
ca16a3e2306d0f71,assets/explore_images/ca16a3e2306d0f71.jpg
0d5ba058bcc0bda7,assets/explore_images/0d5ba058bcc0bda7.jpg
8c0744174083134c,assets/explore_images/8c0744174083134c.jpg
f177fc63af5fc68a,assets/explore_images/f177fc63af5fc68a.jpg
78c16fa2fae8226a,assets/explore_images/78c16fa2fae8226a.jpg
d2a4cebdf0340a72,assets/explore_images/d2a4cebdf0340a72.jpg
1da0a88ee415061a,assets/explore_images/1da0a88ee415061a.jpg
9d728811cbecf0fe,assets/explore_images/9d728811cbecf0fe.jpg
bce4af8e57e37bde,assets/explore_images/bce4af8e57e37bde.jpg
879d7de753b25394,assets/explore_images/879d7de753b25394.jpg
3a2b5b92703aa40f,assets/explore_images/3a2b5b92703aa40f.jpg
3e58a005e1a6602f,assets/explore_images/3e58a005e1a6602f.jpg
bf671410191936c0,assets/explore_images/bf671410191936c0.jpg
81cde438ba3d4bb5,assets/explore_images/81cde438ba3d4bb5.jpg
85d2c52c1a475710,assets/explore_images/85d2c52c1a475710.jpg
eb74925f3ba28517,assets/explore_images/eb74925f3ba28517.jpg
6fca3bdb8b565491,assets/explore_images/6fca3bdb8b565491.jpg
c07d8bc4341efeea,assets/explore_images/c07d8bc4341efeea.jpg
8f8394aca9420c97,assets/explore_images/8f8394aca9420c97.jpg
f2948927676946f9,assets/explore_images/f2948927676946f9.jpg
21317c95fa13a264,assets/explore_images/21317c95fa13a264.jpg
395b1e5411770d06,assets/explore_images/395b1e5411770d06.jpg
f83f8c534cf971d9,assets/explore_images/f83f8c534cf971d9.jpg
f802171f3a522b7e,assets/explore_images/f802171f3a522b7e.jpg
b973d549b426f5ec,assets/explore_images/b973d549b426f5ec.jpg
0af018eac33529fa,assets/explore_images/0af018eac33529fa.jpg
a1ce325c96f08879,assets/explore_images/a1ce325c96f08879.jpg
7d6efc27263a205f,assets/explore_images/7d6efc27263a205f.jpg
cc6787dbf2689656,assets/explore_images/cc6787dbf2689656.jpg
37b907aa89398b0b,assets/explore_images/37b907aa89398b0b.jpg
c6fead0c15f09618,assets/explore_images/c6fead0c15f09618.jpg
e58f333e6819183a,assets/explore_images/e58f333e6819183a.jpg
a296aa433755c29c,assets/explore_images/a296aa433755c29c.jpg
428709606ba7ba01,assets/explore_images/428709606ba7ba01.jpg
f952ac942dc75a1e,assets/explore_images/f952ac942dc75a1e.jpg
5bff7faaa73feab1,assets/explore_images/5bff7faaa73feab1.jpg
2971a67c078c862b,assets/explore_images/2971a67c078c862b.jpg
b4679c5c3f51fcfb,assets/explore_images/b4679c5c3f51fcfb.jpg
ab5b05aef8fef74f,assets/explore_images/ab5b05aef8fef74f.jpg
432d1a0224338bc1,assets/explore_images/432d1a0224338bc1.jpg
e8f5e340fac4042d,assets/explore_images/e8f5e340fac4042d.jpg
b83f35ba6a679883,assets/explore_images/b83f35ba6a679883.jpg
f8bd89c3fefd8923,assets/explore_images/f8bd89c3fefd8923.jpg
8895acf13b520533,assets/explore_images/8895acf13b520533.jpg
b722b47f1826e832,assets/explore_images/b722b47f1826e832.jpg
912696caadf68079,assets/explore_images/912696caadf68079.jpg
f85669a8655eabb1,assets/explore_images/f85669a8655eabb1.jpg
f59e5ee0103cecbd,assets/explore_images/f59e5ee0103cecbd.jpg
2aa97d1684ad3416,assets/explore_images/2aa97d1684ad3416.jpg
2a3d10443c940c4b,assets/explore_images/2a3d10443c940c4b.jpg
b7e10cd75f103ef2,assets/explore_images/b7e10cd75f103ef2.jpg
6ba0483c9d0d5e91,assets/explore_images/6ba0483c9d0d5e91.jpg
f069b6b0984aa659,assets/explore_images/f069b6b0984aa659.jpg
dc67b0292652539d,assets/explore_images/dc67b0292652539d.jpg
4f7619715316c6c1,assets/explore_images/4f7619715316c6c1.jpg
d26323be36c16741,assets/explore_images/d26323be36c16741.jpg
39b5fd36f29c2f96,assets/explore_images/39b5fd36f29c2f96.jpg
99fcbeb446f3d36f,assets/explore_images/99fcbeb446f3d36f.jpg
0f861e65370e06e7,assets/explore_images/0f861e65370e06e7.jpg
fc8ad97c030fcc1a,assets/explore_images/fc8ad97c030fcc1a.jpg
04308af1e687a772,assets/explore_images/04308af1e687a772.jpg
a07e5127aa9c3a90,assets/explore_images/a07e5127aa9c3a90.jpg
f587dc7feddd163d,assets/explore_images/f587dc7feddd163d.jpg
76ec37243b741ee8,assets/explore_images/76ec37243b741ee8.jpg
edefd3196bb2383b,assets/explore_images/edefd3196bb2383b.jpg
58c27d9c4caec61c,assets/explore_images/58c27d9c4caec61c.jpg
d9decbb59a82e1c4,assets/explore_images/d9decbb59a82e1c4.jpg
6b3f0f9acb255459,assets/explore_images/6b3f0f9acb255459.jpg
7dace6aced541281,assets/explore_images/7dace6aced541281.jpg
1da1212f70e344e3,assets/explore_images/1da1212f70e344e3.jpg
7b6374e887e67066,assets/explore_images/7b6374e887e67066.jpg
da909685325f2104,assets/explore_images/da909685325f2104.jpg
8d435fa6c8775bb9,assets/explore_images/8d435fa6c8775bb9.jpg
a1a4b6376fca206e,assets/explore_images/a1a4b6376fca206e.jpg
8f233ac56fd1466a,assets/explore_images/8f233ac56fd1466a.jpg
52e1ab25260e950c,assets/explore_images/52e1ab25260e950c.jpg
c734d5aa49059de9,assets/explore_images/c734d5aa49059de9.jpg
b7514763db3e220c,assets/explore_images/b7514763db3e220c.jpg
c5e4480834332683,assets/explore_images/c5e4480834332683.jpg
4e451d864089d303,assets/explore_images/4e451d864089d303.jpg
d3fb14dd7850e9e7,assets/explore_images/d3fb14dd7850e9e7.jpg
fb27e57123557132,assets/explore_images/fb27e57123557132.jpg
f0b501a3341c60c9,assets/explore_images/f0b501a3341c60c9.jpg
9d615e00c2b6e316,assets/explore_images/9d615e00c2b6e316.jpg
26b84e21beb25656,assets/explore_images/26b84e21beb25656.jpg
1fb83890d11ba7fa,assets/explore_images/1fb83890d11ba7fa.jpg
56fa057bb61fe69b,assets/explore_images/56fa057bb61fe69b.jpg
9947608d113a6d2b,assets/explore_images/9947608d113a6d2b.jpg
27a88bc7679c0a5f,assets/explore_images/27a88bc7679c0a5f.jpg
a227f4d1241e950c,assets/explore_images/a227f4d1241e950c.jpg
d46d172833d12e19,assets/explore_images/d46d172833d12e19.jpg
bcea4587043db8f2,assets/explore_images/bcea4587043db8f2.jpg
2522d4274755f852,assets/explore_images/2522d4274755f852.jpg
8feb55efc650db8d,assets/explore_images/8feb55efc650db8d.jpg
d7389d9faeb8fea6,assets/explore_images/d7389d9faeb8fea6.jpg
c0d95c430bfd647c,assets/explore_images/c0d95c430bfd647c.jpg
3a5bdff59e2e1ead,assets/explore_images/3a5bdff59e2e1ead.jpg
a780435cce272f0f,assets/explore_images/a780435cce272f0f.jpg
11ce6288f27af35d,assets/explore_images/11ce6288f27af35d.jpg
162ecff94875a08e,assets/explore_images/162ecff94875a08e.jpg
2cdf3f97d7b48f86,assets/explore_images/2cdf3f97d7b48f86.jpg
43711f5dd1b4edfa,assets/explore_images/43711f5dd1b4edfa.jpg
c432a9a038f45018,assets/explore_images/c432a9a038f45018.jpg
2b244762c376ecc7,assets/explore_images/2b244762c376ecc7.jpg
7bf88861cd8e21cd,assets/explore_images/7bf88861cd8e21cd.jpg
c0e24d926365db6b,assets/explore_images/c0e24d926365db6b.jpg
20fd44dda86f10dd,assets/explore_images/20fd44dda86f10dd.jpg
1af94b53208b55cb,assets/explore_images/1af94b53208b55cb.jpg
239d359ddf82c862,assets/explore_images/239d359ddf82c862.jpg
5971c8b47051c5a6,assets/explore_images/5971c8b47051c5a6.jpg
39e3dfd08a184a97,assets/explore_images/39e3dfd08a184a97.jpg
90b531a36052ec60,assets/explore_images/90b531a36052ec60.jpg
26e628c7ae15b847,assets/explore_images/26e628c7ae15b847.jpg
d93acd1b833b0128,assets/explore_images/d93acd1b833b0128.jpg
7fa6ab7f54dd94fd,assets/explore_images/7fa6ab7f54dd94fd.jpg
5d39dca91d1962ad,assets/explore_images/5d39dca91d1962ad.jpg
0f4a253ad2ad590e,assets/explore_images/0f4a253ad2ad590e.jpg
ce219f035df9ae8b,assets/explore_images/ce219f035df9ae8b.jpg
0e3fa80a66898fe7,assets/explore_images/0e3fa80a66898fe7.jpg
ac404f405ce2ed21,assets/explore_images/ac404f405ce2ed21.jpg
0bb353091a197b84,assets/explore_images/0bb353091a197b84.jpg
c6418e57cc4a34f6,assets/explore_images/c6418e57cc4a34f6.jpg
79add4d9705d4fd1,assets/explore_images/79add4d9705d4fd1.jpg
f2705be28b02d921,assets/explore_images/f2705be28b02d921.jpg
5fada9d5ff6c1c1b,assets/explore_images/5fada9d5ff6c1c1b.jpg
4beee6dbce6e099c,assets/explore_images/4beee6dbce6e099c.jpg
846f83a152e54149,assets/explore_images/846f83a152e54149.jpg
146e4bf1c9d7791a,assets/explore_images/146e4bf1c9d7791a.jpg
6de5722757372cb3,assets/explore_images/6de5722757372cb3.jpg
811cb7564e7e4a33,assets/explore_images/811cb7564e7e4a33.jpg
c5f38000b7e07407,assets/explore_images/c5f38000b7e07407.jpg
7bfe240546e080a2,assets/explore_images/7bfe240546e080a2.jpg
509e1a73f8994a74,assets/explore_images/509e1a73f8994a74.jpg
c659ca6e2ae26089,assets/explore_images/c659ca6e2ae26089.jpg
0e82e3954a9f72f8,assets/explore_images/0e82e3954a9f72f8.jpg
33d94050951ebe1b,assets/explore_images/33d94050951ebe1b.jpg
5007a335a4d4c2cb,assets/explore_images/5007a335a4d4c2cb.jpg
8fc5d2decd156417,assets/explore_images/8fc5d2decd156417.jpg
2a05f33f82c3057a,assets/explore_images/2a05f33f82c3057a.jpg
45ed6967cb3bfe51,assets/explore_images/45ed6967cb3bfe51.jpg
ba6f4f120c05eecb,assets/explore_images/ba6f4f120c05eecb.jpg
43c61385b0449a1b,assets/explore_images/43c61385b0449a1b.jpg
aa3ce276c692432c,assets/explore_images/aa3ce276c692432c.jpg
4ced7d8d1ff26bb0,assets/explore_images/4ced7d8d1ff26bb0.jpg
e88da579807ab6ab,assets/explore_images/e88da579807ab6ab.jpg
70ee7af78cd1632b,assets/explore_images/70ee7af78cd1632b.jpg
dc4c856a4ab62a27,assets/explore_images/dc4c856a4ab62a27.jpg
9a54617d0e6d3b22,assets/explore_images/9a54617d0e6d3b22.jpg
d3542eef601b2869,assets/explore_images/d3542eef601b2869.jpg
28ecc77f8c39bfcd,assets/explore_images/28ecc77f8c39bfcd.jpg
f78a7475a23c176f,assets/explore_images/f78a7475a23c176f.jpg
85e82e33b080d017,assets/explore_images/85e82e33b080d017.jpg
e7d663a728d9b43f,assets/explore_images/e7d663a728d9b43f.jpg
2996b75ef24becf0,assets/explore_images/2996b75ef24becf0.jpg
50145151b71168c8,assets/explore_images/50145151b71168c8.jpg
2021a63fec7087f7,assets/explore_images/2021a63fec7087f7.jpg
24e5ec28af9170a2,assets/explore_images/24e5ec28af9170a2.jpg
254e25a17cfc043c,assets/explore_images/254e25a17cfc043c.jpg
d741b3a203078897,assets/explore_images/d741b3a203078897.jpg
504e30535cae3378,assets/explore_images/504e30535cae3378.jpg
8fa67dea6014b194,assets/explore_images/8fa67dea6014b194.jpg
10d91b7813e8c895,assets/explore_images/10d91b7813e8c895.jpg
e5bafa5e3daecb7a,assets/explore_images/e5bafa5e3daecb7a.jpg
5e9b1443369e1eff,assets/explore_images/5e9b1443369e1eff.jpg
54a6e22b94b5758b,assets/explore_images/54a6e22b94b5758b.jpg
3775591fb22a893a,assets/explore_images/3775591fb22a893a.jpg
e91346a612b5a436,assets/explore_images/e91346a612b5a436.jpg
f53d634cc17827f1,assets/explore_images/f53d634cc17827f1.jpg
734cc8d014e07222,assets/explore_images/734cc8d014e07222.jpg
8b32073b21874c2f,assets/explore_images/8b32073b21874c2f.jpg
47ded8f7267bdcf6,assets/explore_images/47ded8f7267bdcf6.jpg
34c9be0d38ad7c0a,assets/explore_images/34c9be0d38ad7c0a.jpg
381a19fecc4a7239,assets/explore_images/381a19fecc4a7239.jpg
56e0d0e80c28a9d5,assets/explore_images/56e0d0e80c28a9d5.jpg
4c4dee7b76f1a0a5,assets/explore_images/4c4dee7b76f1a0a5.jpg
0172d9d6ed4cc6e2,assets/explore_images/0172d9d6ed4cc6e2.jpg
1afe51a31e874c37,assets/explore_images/1afe51a31e874c37.jpg
443ebefae1cbd8be,assets/explore_images/443ebefae1cbd8be.jpg
93b1da0ff18650bd,assets/explore_images/93b1da0ff18650bd.jpg
9e45ecf1bf06710e,assets/explore_images/9e45ecf1bf06710e.jpg
7d688ef690a7f7a7,assets/explore_images/7d688ef690a7f7a7.jpg
73958fae303f084d,assets/explore_images/73958fae303f084d.jpg
d866beea76933832,assets/explore_images/d866beea76933832.jpg
d7bbce595117c46e,assets/explore_images/d7bbce595117c46e.jpg
916814bd94ae26a7,assets/explore_images/916814bd94ae26a7.jpg
93b6d5ec1f9e8d06,assets/explore_images/93b6d5ec1f9e8d06.jpg
1c2408496bb52dea,assets/explore_images/1c2408496bb52dea.jpg
23a99f005ffa0bec,assets/explore_images/23a99f005ffa0bec.jpg
3da2eaf4e09469e9,assets/explore_images/3da2eaf4e09469e9.jpg
391627a7032b1f41,assets/explore_images/391627a7032b1f41.jpg
95fed71011ae501c,assets/explore_images/95fed71011ae501c.jpg
27dae3be827f63fa,assets/explore_images/27dae3be827f63fa.jpg
661f240fed90b95f,assets/explore_images/661f240fed90b95f.jpg
b3dcbdfa215cd4db,assets/explore_images/b3dcbdfa215cd4db.jpg
4509c0638b05f19e,assets/explore_images/4509c0638b05f19e.jpg
bcda9bc0f6655a78,assets/explore_images/bcda9bc0f6655a78.jpg
1af59b313fa51dc7,assets/explore_images/1af59b313fa51dc7.jpg
007bba121198eea8,assets/explore_images/007bba121198eea8.jpg
7578c5aefa3470bd,assets/explore_images/7578c5aefa3470bd.jpg
6bd033a8d5566d0c,assets/explore_images/6bd033a8d5566d0c.jpg
17ffcf9267fe87de,assets/explore_images/17ffcf9267fe87de.jpg
e9b0124d90c25897,assets/explore_images/e9b0124d90c25897.jpg
64ff2055507f356b,assets/explore_images/64ff2055507f356b.jpg
cc305ef7b2da60c5,assets/explore_images/cc305ef7b2da60c5.jpg
2c320e46cb677361,assets/explore_images/2c320e46cb677361.jpg
3e37243cf05df973,assets/explore_images/3e37243cf05df973.jpg
8620689f2313ee51,assets/explore_images/8620689f2313ee51.jpg
bf08511d59bc04e6,assets/explore_images/bf08511d59bc04e6.jpg
44598b8aff0e2657,assets/explore_images/44598b8aff0e2657.jpg
273c21fb52dafbfe,assets/explore_images/273c21fb52dafbfe.jpg
b0dc1fd14f5dee5e,assets/explore_images/b0dc1fd14f5dee5e.jpg
a799e280674859f9,assets/explore_images/a799e280674859f9.jpg
6d8a62dc0bc2c41f,assets/explore_images/6d8a62dc0bc2c41f.jpg
7fdb6232649d1158,assets/explore_images/7fdb6232649d1158.jpg
d6122e778549e9db,assets/explore_images/d6122e778549e9db.jpg
1028672cb5d3e956,assets/explore_images/1028672cb5d3e956.jpg
fc1319531151977c,assets/explore_images/fc1319531151977c.jpg
7416bcb714517f2d,assets/explore_images/7416bcb714517f2d.jpg
125d0a21255a0b80,assets/explore_images/125d0a21255a0b80.jpg
c7552f532efe9875,assets/explore_images/c7552f532efe9875.jpg
15e4602e83331e27,assets/explore_images/15e4602e83331e27.jpg
6ab69f0999f0f1b7,assets/explore_images/6ab69f0999f0f1b7.jpg
5bdae7bf9f73b2ce,assets/explore_images/5bdae7bf9f73b2ce.jpg
ef53eb5490a2d2f7,assets/explore_images/ef53eb5490a2d2f7.jpg
a3bd6029d3910c01,assets/explore_images/a3bd6029d3910c01.jpg
64770c4a410ce1db,assets/explore_images/64770c4a410ce1db.jpg
7bf214d434d37eb5,assets/explore_images/7bf214d434d37eb5.jpg
630b523efe398c8e,assets/explore_images/630b523efe398c8e.jpg
9e8afd1b1a238fd1,assets/explore_images/9e8afd1b1a238fd1.jpg
25f005d9b9434019,assets/explore_images/25f005d9b9434019.jpg
c92dbe7abbd7704b,assets/explore_images/c92dbe7abbd7704b.jpg
7d1d0a8b3ca43e12,assets/explore_images/7d1d0a8b3ca43e12.jpg
6cbb8213323b86c5,assets/explore_images/6cbb8213323b86c5.jpg
3a9b2c4a070a08d1,assets/explore_images/3a9b2c4a070a08d1.jpg
4a4e4f57c477f231,assets/explore_images/4a4e4f57c477f231.jpg
14c999dbc628fc74,assets/explore_images/14c999dbc628fc74.jpg
a56e2f14779cafce,assets/explore_images/a56e2f14779cafce.jpg
9772f8d5941308df,assets/explore_images/9772f8d5941308df.jpg
53a7e81c105f7298,assets/explore_images/53a7e81c105f7298.jpg
fedec2242f7ce3f7,assets/explore_images/fedec2242f7ce3f7.jpg
82d1818bf3181d8f,assets/explore_images/82d1818bf3181d8f.jpg
c198442de72b1d1b,assets/explore_images/c198442de72b1d1b.jpg
3ed135886f630167,assets/explore_images/3ed135886f630167.jpg
89c507690f53f2ae,assets/explore_images/89c507690f53f2ae.jpg
a6ee278466b5d69c,assets/explore_images/a6ee278466b5d69c.jpg
2d62c1fe20fa5a41,assets/explore_images/2d62c1fe20fa5a41.jpg
4f7a8dde9e504dbf,assets/explore_images/4f7a8dde9e504dbf.jpg
9a0f71917c88082d,assets/explore_images/9a0f71917c88082d.jpg
df9af2967508ea8d,assets/explore_images/df9af2967508ea8d.jpg
4f1cc1aa9e193022,assets/explore_images/4f1cc1aa9e193022.jpg
f4da2ed7496edf43,assets/explore_images/f4da2ed7496edf43.jpg
5dfa36b50b2fd9e6,assets/explore_images/5dfa36b50b2fd9e6.jpg
58291b9632fef740,assets/explore_images/58291b9632fef740.jpg
bf6fd0c640aa4e9c,assets/explore_images/bf6fd0c640aa4e9c.jpg
e9a58532a3d28e24,assets/explore_images/e9a58532a3d28e24.jpg
da3abbceace2716f,assets/explore_images/da3abbceace2716f.jpg
5ba921207d9c890d,assets/explore_images/5ba921207d9c890d.jpg
86bc48b0fc3463b0,assets/explore_images/86bc48b0fc3463b0.jpg
05822b9eeca2ad7d,assets/explore_images/05822b9eeca2ad7d.jpg
09b3910bc57aa4e9,assets/explore_images/09b3910bc57aa4e9.jpg
e7bbf5c85b1d0d36,assets/explore_images/e7bbf5c85b1d0d36.jpg
110fe693617c97c9,assets/explore_images/110fe693617c97c9.jpg
c90bdac34342627e,assets/explore_images/c90bdac34342627e.jpg
6b8c42c7eae6606f,assets/explore_images/6b8c42c7eae6606f.jpg
b16712cac290f3b7,assets/explore_images/b16712cac290f3b7.jpg
01981d0ed30025bb,assets/explore_images/01981d0ed30025bb.jpg
bf51e4d1fa3fe9d7,assets/explore_images/bf51e4d1fa3fe9d7.jpg
2fdbdb7900834776,assets/explore_images/2fdbdb7900834776.jpg
46da99f5848bdd05,assets/explore_images/46da99f5848bdd05.jpg
9be882bb21ba52a3,assets/explore_images/9be882bb21ba52a3.jpg
27df7ea3af9219b1,assets/explore_images/27df7ea3af9219b1.jpg
0f7c44df5f6fde0e,assets/explore_images/0f7c44df5f6fde0e.jpg
b40a52655c30cd38,assets/explore_images/b40a52655c30cd38.jpg
4af5d6a6589e97f7,assets/explore_images/4af5d6a6589e97f7.jpg
21d84a97dad6dab7,assets/explore_images/21d84a97dad6dab7.jpg
5178a744e24c9ca3,assets/explore_images/5178a744e24c9ca3.jpg
20396f159cc2d52f,assets/explore_images/20396f159cc2d52f.jpg
87557e4631dd7660,assets/explore_images/87557e4631dd7660.jpg
b6eafeb9163db58d,assets/explore_images/b6eafeb9163db58d.jpg
8332e4ac61d215b2,assets/explore_images/8332e4ac61d215b2.jpg
71aaea3af11b25ca,assets/explore_images/71aaea3af11b25ca.jpg
bc2f3efad631a093,assets/explore_images/bc2f3efad631a093.jpg
dc8f389f829e13e6,assets/explore_images/dc8f389f829e13e6.jpg
1ac915e923ccae16,assets/explore_images/1ac915e923ccae16.jpg
42f7017738e8959f,assets/explore_images/42f7017738e8959f.jpg
c46dac13980b3c8f,assets/explore_images/c46dac13980b3c8f.jpg
eb5f15b0ba050fcb,assets/explore_images/eb5f15b0ba050fcb.jpg
7a54a9ea7032ea34,assets/explore_images/7a54a9ea7032ea34.jpg
24d353c91620e041,assets/explore_images/24d353c91620e041.jpg
43561af6d62db616,assets/explore_images/43561af6d62db616.jpg
f1e5170e58dd193a,assets/explore_images/f1e5170e58dd193a.jpg
3430dd4467fd9666,assets/explore_images/3430dd4467fd9666.jpg
e999f4b50bdc4e04,assets/explore_images/e999f4b50bdc4e04.jpg
b9bd9f8fdf8b899c,assets/explore_images/b9bd9f8fdf8b899c.jpg
e804cc91fc384531,assets/explore_images/e804cc91fc384531.jpg
f0fc4f99453ff5f3,assets/explore_images/f0fc4f99453ff5f3.jpg
8182be0ca5046b73,assets/explore_images/8182be0ca5046b73.jpg
b5bb868846573310,assets/explore_images/b5bb868846573310.jpg
683bdf4eeb67ff69,assets/explore_images/683bdf4eeb67ff69.jpg
325c0aac30255395,assets/explore_images/325c0aac30255395.jpg
dea15b49e9b64ca3,assets/explore_images/dea15b49e9b64ca3.jpg
1c18b62b6b62d891,assets/explore_images/1c18b62b6b62d891.jpg
aa33dcebc50c4300,assets/explore_images/aa33dcebc50c4300.jpg
c3e0996fcb29458d,assets/explore_images/c3e0996fcb29458d.jpg
7bf39453c463134f,assets/explore_images/7bf39453c463134f.jpg
daa95de78cf58702,assets/explore_images/daa95de78cf58702.jpg
91d0bb83ece0d2f9,assets/explore_images/91d0bb83ece0d2f9.jpg
82ed0aa6cc2357a2,assets/explore_images/82ed0aa6cc2357a2.jpg
4ae656291d352fe1,assets/explore_images/4ae656291d352fe1.jpg
a1c4802ea860cda4,assets/explore_images/a1c4802ea860cda4.jpg
5060257f8b136e5f,assets/explore_images/5060257f8b136e5f.jpg
7a0025404957a7bb,assets/explore_images/7a0025404957a7bb.jpg
e5e264d3401bac70,assets/explore_images/e5e264d3401bac70.jpg
eb49c4a2c4b737e3,assets/explore_images/eb49c4a2c4b737e3.jpg
6b668beae3f01783,assets/explore_images/6b668beae3f01783.jpg
643a8f475b390567,assets/explore_images/643a8f475b390567.jpg
fcd26db483f8560e,assets/explore_images/fcd26db483f8560e.jpg
b79ce2bef8eba8e6,assets/explore_images/b79ce2bef8eba8e6.jpg
56f6b50256f2860c,assets/explore_images/56f6b50256f2860c.jpg
f49d377b24d91965,assets/explore_images/f49d377b24d91965.jpg
9f11a14df19f9a9e,assets/explore_images/9f11a14df19f9a9e.jpg
89fe7f1c519c881f,assets/explore_images/89fe7f1c519c881f.jpg
8103862ee19399b3,assets/explore_images/8103862ee19399b3.jpg
dbf5b8bec6f97203,assets/explore_images/dbf5b8bec6f97203.jpg
a0b1efd340aea500,assets/explore_images/a0b1efd340aea500.jpg
fa18d0b85eaf819a,assets/explore_images/fa18d0b85eaf819a.jpg
1448134d4311e8d9,assets/explore_images/1448134d4311e8d9.jpg
24f6111959694b73,assets/explore_images/24f6111959694b73.jpg
037fd98342aa5788,assets/explore_images/037fd98342aa5788.jpg
6b65cafc24422f13,assets/explore_images/6b65cafc24422f13.jpg
7279f6dfe2fba1a7,assets/explore_images/7279f6dfe2fba1a7.jpg
74d4bc72b1c50cd3,assets/explore_images/74d4bc72b1c50cd3.jpg
11a5d6e8b29b5875,assets/explore_images/11a5d6e8b29b5875.jpg
959da7bc26c354dc,assets/explore_images/959da7bc26c354dc.jpg
b72c9c6dc8d20260,assets/explore_images/b72c9c6dc8d20260.jpg
58d18be641273aaf,assets/explore_images/58d18be641273aaf.jpg
eeea267a8425d6cc,assets/explore_images/eeea267a8425d6cc.jpg
1a597b943c739556,assets/explore_images/1a597b943c739556.jpg
82baf6d3bf6594e0,assets/explore_images/82baf6d3bf6594e0.jpg
e52be2f4f5a5c706,assets/explore_images/e52be2f4f5a5c706.jpg
c73afe3dabe54657,assets/explore_images/c73afe3dabe54657.jpg
c4605d435debaeda,assets/explore_images/c4605d435debaeda.jpg
331e972c35764aff,assets/explore_images/331e972c35764aff.jpg
b096c93fc83c42c7,assets/explore_images/b096c93fc83c42c7.jpg
5d7f02aef39e922f,assets/explore_images/5d7f02aef39e922f.jpg
c09f89509dcc75ab,assets/explore_images/c09f89509dcc75ab.jpg
b22986290756db15,assets/explore_images/b22986290756db15.jpg
955920f74740ca46,assets/explore_images/955920f74740ca46.jpg
67edb9487eb52a5e,assets/explore_images/67edb9487eb52a5e.jpg
a144e154e081e0f8,assets/explore_images/a144e154e081e0f8.jpg
4af4fd22a6ca4829,assets/explore_images/4af4fd22a6ca4829.jpg
fb1be2c711b590ec,assets/explore_images/fb1be2c711b590ec.jpg
200c75dc6b1d863b,assets/explore_images/200c75dc6b1d863b.jpg
4aec399284ce2bfb,assets/explore_images/4aec399284ce2bfb.jpg
fc205e8904c627a3,assets/explore_images/fc205e8904c627a3.jpg
e3705bf85430d62f,assets/explore_images/e3705bf85430d62f.jpg
4184275b626f5116,assets/explore_images/4184275b626f5116.jpg
b0e7824e91758428,assets/explore_images/b0e7824e91758428.jpg
6a195a589b6d3241,assets/explore_images/6a195a589b6d3241.jpg
4c5b119c107fc4aa,assets/explore_images/4c5b119c107fc4aa.jpg
c6dc1226dae8acd2,assets/explore_images/c6dc1226dae8acd2.jpg
8800742b0a7eebdc,assets/explore_images/8800742b0a7eebdc.jpg
1c7f62cb0f808490,assets/explore_images/1c7f62cb0f808490.jpg
36317d3eaa34045f,assets/explore_images/36317d3eaa34045f.jpg
6d607e7a5d081565,assets/explore_images/6d607e7a5d081565.jpg
526f570f410e3da3,assets/explore_images/526f570f410e3da3.jpg
7d87c1bfdefb72f5,assets/explore_images/7d87c1bfdefb72f5.jpg
13599eb52fbbc8df,assets/explore_images/13599eb52fbbc8df.jpg
c18dcb8ef37911fd,assets/explore_images/c18dcb8ef37911fd.jpg
3c62a66ea250e28a,assets/explore_images/3c62a66ea250e28a.jpg
b8782a6c72aeef3c,assets/explore_images/b8782a6c72aeef3c.jpg
8a2da548f7c54794,assets/explore_images/8a2da548f7c54794.jpg
a07b46dc153bcff9,assets/explore_images/a07b46dc153bcff9.jpg
93c3f7e6d2e3fadb,assets/explore_images/93c3f7e6d2e3fadb.jpg
c5be677c4ea8ec50,assets/explore_images/c5be677c4ea8ec50.jpg
e421726d400d49d9,assets/explore_images/e421726d400d49d9.jpg
eb8408772ee53c6b,assets/explore_images/eb8408772ee53c6b.jpg
c5a716ce5e693d99,assets/explore_images/c5a716ce5e693d99.jpg
a03339e17b78ff41,assets/explore_images/a03339e17b78ff41.jpg
52bff405723722e6,assets/explore_images/52bff405723722e6.jpg
3d2454b5f1a3aadc,assets/explore_images/3d2454b5f1a3aadc.jpg
fb20b7a0f8e15aa7,assets/explore_images/fb20b7a0f8e15aa7.jpg
b38fd19c15ed90ef,assets/explore_images/b38fd19c15ed90ef.jpg
5bea8a1127208eae,assets/explore_images/5bea8a1127208eae.jpg
d0509991a2cd1c6c,assets/explore_images/d0509991a2cd1c6c.jpg
9f8a78b9785c70ab,assets/explore_images/9f8a78b9785c70ab.jpg
a29729409b23b93c,assets/explore_images/a29729409b23b93c.jpg
2cf675ea5bbb5847,assets/explore_images/2cf675ea5bbb5847.jpg
6cf12efd2feba155,assets/explore_images/6cf12efd2feba155.jpg
642bab52e7dd6b13,assets/explore_images/642bab52e7dd6b13.jpg
1442e512f4e0bd53,assets/explore_images/1442e512f4e0bd53.jpg
c1f1fdf0ff79fe77,assets/explore_images/c1f1fdf0ff79fe77.jpg
39a7953cc64c3613,assets/explore_images/39a7953cc64c3613.jpg
dcc89fc2bff9dd59,assets/explore_images/dcc89fc2bff9dd59.jpg
c1607755c823ae20,assets/explore_images/c1607755c823ae20.jpg
588d91eca90a0fc7,assets/explore_images/588d91eca90a0fc7.jpg
002236a66429ccbc,assets/explore_images/002236a66429ccbc.jpg
811c0e8b98362b70,assets/explore_images/811c0e8b98362b70.jpg
3670150e4b7ed109,assets/explore_images/3670150e4b7ed109.jpg
49f1d9f6b5cacd4a,assets/explore_images/49f1d9f6b5cacd4a.jpg
8fe7cc303ecbb482,assets/explore_images/8fe7cc303ecbb482.jpg
2088b9c9e2f69309,assets/explore_images/2088b9c9e2f69309.jpg
22cf859983ff6592,assets/explore_images/22cf859983ff6592.jpg
07a2db71a382e340,assets/explore_images/07a2db71a382e340.jpg
604a00500d562b85,assets/explore_images/604a00500d562b85.jpg
8a4bb68d09d16f45,assets/explore_images/8a4bb68d09d16f45.jpg
bd4b7b92ea89338f,assets/explore_images/bd4b7b92ea89338f.jpg
2dcd74170b9b921e,assets/explore_images/2dcd74170b9b921e.jpg
a578d7de6f34dc33,assets/explore_images/a578d7de6f34dc33.jpg
b3e903f2f56c6f3e,assets/explore_images/b3e903f2f56c6f3e.jpg
76a54e0cbfe771a4,assets/explore_images/76a54e0cbfe771a4.jpg
363f336973023fa0,assets/explore_images/363f336973023fa0.jpg
1f8e33b9258842e4,assets/explore_images/1f8e33b9258842e4.jpg
1587aaf974055a23,assets/explore_images/1587aaf974055a23.jpg
d490707e0683d836,assets/explore_images/d490707e0683d836.jpg
496a5708123aff3c,assets/explore_images/496a5708123aff3c.jpg
fe80264d6cb28e7f,assets/explore_images/fe80264d6cb28e7f.jpg
db0944f06878c26b,assets/explore_images/db0944f06878c26b.jpg
312ba1faa06f638e,assets/explore_images/312ba1faa06f638e.jpg
c70b0c8e60e059b2,assets/explore_images/c70b0c8e60e059b2.jpg
f1e7829644ed871f,assets/explore_images/f1e7829644ed871f.jpg
34124dfd4f1e09c3,assets/explore_images/34124dfd4f1e09c3.jpg
92136882b008767a,assets/explore_images/92136882b008767a.jpg
4c47291e918d0ca5,assets/explore_images/4c47291e918d0ca5.jpg
997d9d08d1363cce,assets/explore_images/997d9d08d1363cce.jpg
d6bcdca4be0e62a1,assets/explore_images/d6bcdca4be0e62a1.jpg
0cd2fae0e94f8353,assets/explore_images/0cd2fae0e94f8353.jpg
f55a4571c105a4e0,assets/explore_images/f55a4571c105a4e0.jpg
8ca32b24aeb02484,assets/explore_images/8ca32b24aeb02484.jpg
b2e18607592fd360,assets/explore_images/b2e18607592fd360.jpg
637cca539a132057,assets/explore_images/637cca539a132057.jpg
5f4ba1cd29dd113b,assets/explore_images/5f4ba1cd29dd113b.jpg
565e4ec636924d4b,assets/explore_images/565e4ec636924d4b.jpg
fca8cb7556a88911,assets/explore_images/fca8cb7556a88911.jpg
15d17853d1452564,assets/explore_images/15d17853d1452564.jpg
0e37cadc23a7e7ec,assets/explore_images/0e37cadc23a7e7ec.jpg
807fa6680b5c6f1d,assets/explore_images/807fa6680b5c6f1d.jpg
ea82f99dfcdf882e,assets/explore_images/ea82f99dfcdf882e.jpg
4b1749687b845a25,assets/explore_images/4b1749687b845a25.jpg
6421880e9b6d48da,assets/explore_images/6421880e9b6d48da.jpg
aa022159796a816f,assets/explore_images/aa022159796a816f.jpg
0c310b1b2a4b626a,assets/explore_images/0c310b1b2a4b626a.jpg
ae2ec01019556ba6,assets/explore_images/ae2ec01019556ba6.jpg
af41cb10970a5edd,assets/explore_images/af41cb10970a5edd.jpg
810647c4bc636472,assets/explore_images/810647c4bc636472.jpg
69b6c0e721f456f7,assets/explore_images/69b6c0e721f456f7.jpg
fd20a9702979a8cf,assets/explore_images/fd20a9702979a8cf.jpg
1be0e6e9b4b81ece,assets/explore_images/1be0e6e9b4b81ece.jpg
c0fcd649a83acdef,assets/explore_images/c0fcd649a83acdef.jpg
c94afe0c99900f33,assets/explore_images/c94afe0c99900f33.jpg
1380cdaedac3e783,assets/explore_images/1380cdaedac3e783.jpg
cdd8882bbc8317ec,assets/explore_images/cdd8882bbc8317ec.jpg
8230e3d85743d7d2,assets/explore_images/8230e3d85743d7d2.jpg
e1cc33e334085555,assets/explore_images/e1cc33e334085555.jpg
f420be4b8ee2eac2,assets/explore_images/f420be4b8ee2eac2.jpg
f8806d8f4ec35981,assets/explore_images/f8806d8f4ec35981.jpg
8ba0a70577a8c105,assets/explore_images/8ba0a70577a8c105.jpg
af9e95f1ef9de579,assets/explore_images/af9e95f1ef9de579.jpg
6fa9313bd191b8dd,assets/explore_images/6fa9313bd191b8dd.jpg
19492f2cf92d818d,assets/explore_images/19492f2cf92d818d.jpg
5dc3a65e240aa126,assets/explore_images/5dc3a65e240aa126.jpg
d64b0faacce092b2,assets/explore_images/d64b0faacce092b2.jpg
c1b2aef024743ef2,assets/explore_images/c1b2aef024743ef2.jpg
b99fe43fa3d81974,assets/explore_images/b99fe43fa3d81974.jpg
6545a864eb60a5ba,assets/explore_images/6545a864eb60a5ba.jpg
adb12a24bfe63286,assets/explore_images/adb12a24bfe63286.jpg
4050307bcc409e2d,assets/explore_images/4050307bcc409e2d.jpg
b8a6d99862de8a36,assets/explore_images/b8a6d99862de8a36.jpg
0fa494c471090580,assets/explore_images/0fa494c471090580.jpg
b6f80c9a1dea3205,assets/explore_images/b6f80c9a1dea3205.jpg
7bb7aabc3630e7a2,assets/explore_images/7bb7aabc3630e7a2.jpg
41196a30e1e79e56,assets/explore_images/41196a30e1e79e56.jpg
9dc6e8d0068a10bf,assets/explore_images/9dc6e8d0068a10bf.jpg
6a5c66cd568cb58d,assets/explore_images/6a5c66cd568cb58d.jpg
b40e9a77134e8366,assets/explore_images/b40e9a77134e8366.jpg
780516376660d40e,assets/explore_images/780516376660d40e.jpg
e744b2b40614e9f4,assets/explore_images/e744b2b40614e9f4.jpg
b210b8e8505a98bc,assets/explore_images/b210b8e8505a98bc.jpg
93ff2d9a28f51668,assets/explore_images/93ff2d9a28f51668.jpg
6c63dc3512a71dc6,assets/explore_images/6c63dc3512a71dc6.jpg
785167013afcac00,assets/explore_images/785167013afcac00.jpg
c7fa0628dace5078,assets/explore_images/c7fa0628dace5078.jpg
1f66c68f3eb25f48,assets/explore_images/1f66c68f3eb25f48.jpg
a2f892c4db368a81,assets/explore_images/a2f892c4db368a81.jpg
99516dea1f83c4bb,assets/explore_images/99516dea1f83c4bb.jpg
13e06b3affc3da38,assets/explore_images/13e06b3affc3da38.jpg
82a53770d75c6a88,assets/explore_images/82a53770d75c6a88.jpg
e1332af6b25d9f6e,assets/explore_images/e1332af6b25d9f6e.jpg
0d7b654420d84e44,assets/explore_images/0d7b654420d84e44.jpg
b753a942066c8165,assets/explore_images/b753a942066c8165.jpg
ba2ec629ab3eeb24,assets/explore_images/ba2ec629ab3eeb24.jpg
c0d5348e06843a94,assets/explore_images/c0d5348e06843a94.jpg
e2b14996c194e679,assets/explore_images/e2b14996c194e679.jpg
2737fd866ca1dd70,assets/explore_images/2737fd866ca1dd70.jpg
25fcfc40a5c50ee8,assets/explore_images/25fcfc40a5c50ee8.jpg
9a9f89872e802388,assets/explore_images/9a9f89872e802388.jpg
6657614a33a7ba7d,assets/explore_images/6657614a33a7ba7d.jpg
7b2c5999d6aab309,assets/explore_images/7b2c5999d6aab309.jpg
83150c6e57395b94,assets/explore_images/83150c6e57395b94.jpg
094cdeef87194132,assets/explore_images/094cdeef87194132.jpg
54bf9bb346ab507d,assets/explore_images/54bf9bb346ab507d.jpg
17839409d99c36ab,assets/explore_images/17839409d99c36ab.jpg
e1b45ced5a2b89ef,assets/explore_images/e1b45ced5a2b89ef.jpg
a8951f3c55d72f81,assets/explore_images/a8951f3c55d72f81.jpg
c56780bf7c79977d,assets/explore_images/c56780bf7c79977d.jpg
ac382af02aa83a8f,assets/explore_images/ac382af02aa83a8f.jpg
57622413c53f367f,assets/explore_images/57622413c53f367f.jpg
86bc5bf480dc9a23,assets/explore_images/86bc5bf480dc9a23.jpg
4770bb35949c0d7c,assets/explore_images/4770bb35949c0d7c.jpg
e36666d2bf908579,assets/explore_images/e36666d2bf908579.jpg
76114bb82ecad360,assets/explore_images/76114bb82ecad360.jpg
c539f7481efb0d74,assets/explore_images/c539f7481efb0d74.jpg
c1bcb7afcd08e6dc,assets/explore_images/c1bcb7afcd08e6dc.jpg
41334e20da0b71a8,assets/explore_images/41334e20da0b71a8.jpg
17cde84ad754644b,assets/explore_images/17cde84ad754644b.jpg
dab31ee829795c7c,assets/explore_images/dab31ee829795c7c.jpg
9528559b62ddd655,assets/explore_images/9528559b62ddd655.jpg
08485f0a0cdba555,assets/explore_images/08485f0a0cdba555.jpg
dbb8570a2a1d8077,assets/explore_images/dbb8570a2a1d8077.jpg
5b6b68f4c2a3d185,assets/explore_images/5b6b68f4c2a3d185.jpg
11413b248ad67544,assets/explore_images/11413b248ad67544.jpg
e83efcd17ca4d575,assets/explore_images/e83efcd17ca4d575.jpg
ffc2a8b1d34cfad5,assets/explore_images/ffc2a8b1d34cfad5.jpg
7c6da18b88e69f69,assets/explore_images/7c6da18b88e69f69.jpg
4a1dfa51a4334859,assets/explore_images/4a1dfa51a4334859.jpg
306cdbe8f98c7179,assets/explore_images/306cdbe8f98c7179.jpg
ad8a1e66fa809882,assets/explore_images/ad8a1e66fa809882.jpg
59f40a38ee564e4b,assets/explore_images/59f40a38ee564e4b.jpg
ab055a9b650ed760,assets/explore_images/ab055a9b650ed760.jpg
2233bea40f5945b9,assets/explore_images/2233bea40f5945b9.jpg
2cf67227de3d4f4d,assets/explore_images/2cf67227de3d4f4d.jpg
813908ee09c9ae28,assets/explore_images/813908ee09c9ae28.jpg
7d6be97647c5a0de,assets/explore_images/7d6be97647c5a0de.jpg
ff44c35aabdbf766,assets/explore_images/ff44c35aabdbf766.jpg
30f6c7707f57e1b1,assets/explore_images/30f6c7707f57e1b1.jpg
e82862ad7174cb6e,assets/explore_images/e82862ad7174cb6e.jpg
ab93844676794117,assets/explore_images/ab93844676794117.jpg
55b6172d544bde1f,assets/explore_images/55b6172d544bde1f.jpg
beaf87538a0b85dd,assets/explore_images/beaf87538a0b85dd.jpg
d987b7c7969ab9fa,assets/explore_images/d987b7c7969ab9fa.jpg
44e6bca70d3dd726,assets/explore_images/44e6bca70d3dd726.jpg
92c1cf3464e25e94,assets/explore_images/92c1cf3464e25e94.jpg
30e82e1270452900,assets/explore_images/30e82e1270452900.jpg
ffae2d5c35673a2f,assets/explore_images/ffae2d5c35673a2f.jpg
bda0b2f0fd120474,assets/explore_images/bda0b2f0fd120474.jpg
d9369c8dfaa18d94,assets/explore_images/d9369c8dfaa18d94.jpg
2f4e81aa9b98fad7,assets/explore_images/2f4e81aa9b98fad7.jpg
28830b0d773dbeb1,assets/explore_images/28830b0d773dbeb1.jpg
298a5b134796453e,assets/explore_images/298a5b134796453e.jpg
dd3e1de7b7c3dab0,assets/explore_images/dd3e1de7b7c3dab0.jpg
a2dcee548e17833b,assets/explore_images/a2dcee548e17833b.jpg
8814c6555712c262,assets/explore_images/8814c6555712c262.jpg
8364a9d4194e3ee0,assets/explore_images/8364a9d4194e3ee0.jpg
a7872dcda8006dd9,assets/explore_images/a7872dcda8006dd9.jpg
0d30f6727d1c5f02,assets/explore_images/0d30f6727d1c5f02.jpg
69e5107388157bea,assets/explore_images/69e5107388157bea.jpg
1453cddef8689ada,assets/explore_images/1453cddef8689ada.jpg
0a6f369d7eb5528f,assets/explore_images/0a6f369d7eb5528f.jpg
c827e3c35a0f799f,assets/explore_images/c827e3c35a0f799f.jpg
53dc9477a64e1f94,assets/explore_images/53dc9477a64e1f94.jpg
f9883bb070f4e301,assets/explore_images/f9883bb070f4e301.jpg
98809bb93e1a8968,assets/explore_images/98809bb93e1a8968.jpg
851589790066068f,assets/explore_images/851589790066068f.jpg
11925cbefd014c3f,assets/explore_images/11925cbefd014c3f.jpg
7a29d56a82992a1d,assets/explore_images/7a29d56a82992a1d.jpg
5a7d07dc87bf2dde,assets/explore_images/5a7d07dc87bf2dde.jpg
a6485010c12d5546,assets/explore_images/a6485010c12d5546.jpg
f95c16c093337650,assets/explore_images/f95c16c093337650.jpg
b5de09cbced8b998,assets/explore_images/b5de09cbced8b998.jpg
f53604ff50381982,assets/explore_images/f53604ff50381982.jpg
30aeb80e3e123ea4,assets/explore_images/30aeb80e3e123ea4.jpg
313c595db07f7c17,assets/explore_images/313c595db07f7c17.jpg
5f793762725a7957,assets/explore_images/5f793762725a7957.jpg
df4e38f782a0baf3,assets/explore_images/df4e38f782a0baf3.jpg
83ded7f17c1c9478,assets/explore_images/83ded7f17c1c9478.jpg
ef6b994f9e3fa149,assets/explore_images/ef6b994f9e3fa149.jpg
d3075bc61f1622d7,assets/explore_images/d3075bc61f1622d7.jpg
187ab197de1ea914,assets/explore_images/187ab197de1ea914.jpg
0cdf426f56b1b3bd,assets/explore_images/0cdf426f56b1b3bd.jpg
098ef455e3d84536,assets/explore_images/098ef455e3d84536.jpg
5ea268bc506fd3d0,assets/explore_images/5ea268bc506fd3d0.jpg
1dcd47c7eab89b52,assets/explore_images/1dcd47c7eab89b52.jpg
67c9fc05ce071fd4,assets/explore_images/67c9fc05ce071fd4.jpg
b8d410c8bef6bbbb,assets/explore_images/b8d410c8bef6bbbb.jpg
9120aa4d5af36c2f,assets/explore_images/9120aa4d5af36c2f.jpg
d9ca983cc6dcaddb,assets/explore_images/d9ca983cc6dcaddb.jpg
18f616018e6321d7,assets/explore_images/18f616018e6321d7.jpg
9d779d7dc37ddc86,assets/explore_images/9d779d7dc37ddc86.jpg
f9df2fbdd5b4ed29,assets/explore_images/f9df2fbdd5b4ed29.jpg
de889c8ffc81bcaa,assets/explore_images/de889c8ffc81bcaa.jpg
568ef9ee75eb5fd2,assets/explore_images/568ef9ee75eb5fd2.jpg
eebe68ed170f7e23,assets/explore_images/eebe68ed170f7e23.jpg
121ca14787ed6d1f,assets/explore_images/121ca14787ed6d1f.jpg
311aa15ea3233140,assets/explore_images/311aa15ea3233140.jpg
18ab876e0289bc90,assets/explore_images/18ab876e0289bc90.jpg
9ae3b2a2c2fd7288,assets/explore_images/9ae3b2a2c2fd7288.jpg
de1c4cb2fb76400f,assets/explore_images/de1c4cb2fb76400f.jpg
4e71b427b38dd1d4,assets/explore_images/4e71b427b38dd1d4.jpg
dc62ed2ed1289d77,assets/explore_images/dc62ed2ed1289d77.jpg
015709f0a7ee14f0,assets/explore_images/015709f0a7ee14f0.jpg
0dd7ef80ada45982,assets/explore_images/0dd7ef80ada45982.jpg
a7cbd5ca4057b1db,assets/explore_images/a7cbd5ca4057b1db.jpg
80e83b25ce05d6a2,assets/explore_images/80e83b25ce05d6a2.jpg
10674b9dec7c658d,assets/explore_images/10674b9dec7c658d.jpg
a2a1dea09f210fad,assets/explore_images/a2a1dea09f210fad.jpg
c008220896cd67bd,assets/explore_images/c008220896cd67bd.jpg
55b8ffe4409e9202,assets/explore_images/55b8ffe4409e9202.jpg
6e331975a66309af,assets/explore_images/6e331975a66309af.jpg
6669128a68d09d7f,assets/explore_images/6669128a68d09d7f.jpg
21eaa2c58b01984a,assets/explore_images/21eaa2c58b01984a.jpg
1094f9bfc414ece8,assets/explore_images/1094f9bfc414ece8.jpg
bec201abf356e3e0,assets/explore_images/bec201abf356e3e0.jpg
67873d0a960ab1ea,assets/explore_images/67873d0a960ab1ea.jpg
b8205b088b65d7d4,assets/explore_images/b8205b088b65d7d4.jpg
a878f7f9e4ec0532,assets/explore_images/a878f7f9e4ec0532.jpg
b52de73ac9a0d660,assets/explore_images/b52de73ac9a0d660.jpg
f3d258f733a4c004,assets/explore_images/f3d258f733a4c004.jpg
728ffd05eda61659,assets/explore_images/728ffd05eda61659.jpg
0908935a79d4ae05,assets/explore_images/0908935a79d4ae05.jpg
8e696f7af2410be0,assets/explore_images/8e696f7af2410be0.jpg
4905786c876de514,assets/explore_images/4905786c876de514.jpg
213cc399c3ae2c38,assets/explore_images/213cc399c3ae2c38.jpg
4401ce4155ccabcc,assets/explore_images/4401ce4155ccabcc.jpg
8736b6713f17a0a3,assets/explore_images/8736b6713f17a0a3.jpg
8635aedc8285f963,assets/explore_images/8635aedc8285f963.jpg
5f49f0bc3594df26,assets/explore_images/5f49f0bc3594df26.jpg
e3b5a361b367e67a,assets/explore_images/e3b5a361b367e67a.jpg
4da50a2cefa6f314,assets/explore_images/4da50a2cefa6f314.jpg
94a0274c9568693b,assets/explore_images/94a0274c9568693b.jpg
995cc276b2b418de,assets/explore_images/995cc276b2b418de.jpg
c30fe04dcc0aad4a,assets/explore_images/c30fe04dcc0aad4a.jpg
214c9ca7e2b18721,assets/explore_images/214c9ca7e2b18721.jpg
335ce8aa8102c141,assets/explore_images/335ce8aa8102c141.jpg
b355696965ceae31,assets/explore_images/b355696965ceae31.jpg
6c4109833f4c8d92,assets/explore_images/6c4109833f4c8d92.jpg
fa0268e80249458f,assets/explore_images/fa0268e80249458f.jpg
a65cdea516377084,assets/explore_images/a65cdea516377084.jpg
3c6e38d4ee4f3d5f,assets/explore_images/3c6e38d4ee4f3d5f.jpg
c91282e4b4fd615b,assets/explore_images/c91282e4b4fd615b.jpg
d97a050f44e8b24b,assets/explore_images/d97a050f44e8b24b.jpg
edde5a4d5e01b5c2,assets/explore_images/edde5a4d5e01b5c2.jpg
5c1428b1b032ae3d,assets/explore_images/5c1428b1b032ae3d.jpg
8c003c7fd6514b70,assets/explore_images/8c003c7fd6514b70.jpg
f52ac67e8905a6c3,assets/explore_images/f52ac67e8905a6c3.jpg
7acf24a00ecd5681,assets/explore_images/7acf24a00ecd5681.jpg
b15b348a0ce0bfc3,assets/explore_images/b15b348a0ce0bfc3.jpg
baf6d93a4f38d9b7,assets/explore_images/baf6d93a4f38d9b7.jpg
1efd1ce7a01ec367,assets/explore_images/1efd1ce7a01ec367.jpg
681c9cad95dcc87b,assets/explore_images/681c9cad95dcc87b.jpg
26df90a45da0d748,assets/explore_images/26df90a45da0d748.jpg
deac468e207dac09,assets/explore_images/deac468e207dac09.jpg
bea15e3a5745b114,assets/explore_images/bea15e3a5745b114.jpg
11f324317077183f,assets/explore_images/11f324317077183f.jpg
8cf55490a48ce70f,assets/explore_images/8cf55490a48ce70f.jpg
f6cd33d2ecdd151e,assets/explore_images/f6cd33d2ecdd151e.jpg
ad86f9d5f04da89d,assets/explore_images/ad86f9d5f04da89d.jpg
0b2f19edc9eb9551,assets/explore_images/0b2f19edc9eb9551.jpg
7c5000c4761609c2,assets/explore_images/7c5000c4761609c2.jpg
4f089366c946bcc8,assets/explore_images/4f089366c946bcc8.jpg
1311f079ab0a2247,assets/explore_images/1311f079ab0a2247.jpg
6d42ef560ad235aa,assets/explore_images/6d42ef560ad235aa.jpg
e91a296d59a3f029,assets/explore_images/e91a296d59a3f029.jpg
5e03c6a829fadcf2,assets/explore_images/5e03c6a829fadcf2.jpg
830954d4d2e1c0c7,assets/explore_images/830954d4d2e1c0c7.jpg
70c10ee656e37d2a,assets/explore_images/70c10ee656e37d2a.jpg
72d9ffe7ef5be26e,assets/explore_images/72d9ffe7ef5be26e.jpg
65fb47da2cee1f4f,assets/explore_images/65fb47da2cee1f4f.jpg
d29cd3cbe51e428c,assets/explore_images/d29cd3cbe51e428c.jpg
6cacd02e2be05718,assets/explore_images/6cacd02e2be05718.jpg
dadb798b478372f0,assets/explore_images/dadb798b478372f0.jpg
3dac85d591a07ec4,assets/explore_images/3dac85d591a07ec4.jpg
2f0f14dae95a127b,assets/explore_images/2f0f14dae95a127b.jpg
9ee1a9e03f4562d0,assets/explore_images/9ee1a9e03f4562d0.jpg
5e25307014dbae5d,assets/explore_images/5e25307014dbae5d.jpg
502dfe6e033697b6,assets/explore_images/502dfe6e033697b6.jpg
d263dd71ef59550d,assets/explore_images/d263dd71ef59550d.jpg
ff325fcd985d520d,assets/explore_images/ff325fcd985d520d.jpg
ebfd79c417c997d4,assets/explore_images/ebfd79c417c997d4.jpg
6dca6c1dd17dcdfb,assets/explore_images/6dca6c1dd17dcdfb.jpg
90ca653eb2667f6e,assets/explore_images/90ca653eb2667f6e.jpg
77b8a36d0297a387,assets/explore_images/77b8a36d0297a387.jpg
3e4f5fb490d732ad,assets/explore_images/3e4f5fb490d732ad.jpg
5ea4f3bf15739c59,assets/explore_images/5ea4f3bf15739c59.jpg
3e7d973d282e6659,assets/explore_images/3e7d973d282e6659.jpg
742e39966514e776,assets/explore_images/742e39966514e776.jpg
bcd4188d11a74c69,assets/explore_images/bcd4188d11a74c69.jpg
02e83bf43e042b72,assets/explore_images/02e83bf43e042b72.jpg
2cd9f4677fcc47e1,assets/explore_images/2cd9f4677fcc47e1.jpg
4a51f2fccc5106d3,assets/explore_images/4a51f2fccc5106d3.jpg
2a8954b11728d8ff,assets/explore_images/2a8954b11728d8ff.jpg
3aa3834dd324c381,assets/explore_images/3aa3834dd324c381.jpg
df912e8b81a299d0,assets/explore_images/df912e8b81a299d0.jpg
9adc3a94d85b85d7,assets/explore_images/9adc3a94d85b85d7.jpg
6fbbf0ec99fd5203,assets/explore_images/6fbbf0ec99fd5203.jpg
3db4e09fb0075843,assets/explore_images/3db4e09fb0075843.jpg
b32330ba0f0964e5,assets/explore_images/b32330ba0f0964e5.jpg
9497aa90b5f05951,assets/explore_images/9497aa90b5f05951.jpg
b3131acc0482efd7,assets/explore_images/b3131acc0482efd7.jpg
24230971d247ea52,assets/explore_images/24230971d247ea52.jpg
465ca8ffb87f261f,assets/explore_images/465ca8ffb87f261f.jpg
3c15bff6f6fc7a17,assets/explore_images/3c15bff6f6fc7a17.jpg
bf00fb0d5c9ed2d7,assets/explore_images/bf00fb0d5c9ed2d7.jpg
140b9595243cc637,assets/explore_images/140b9595243cc637.jpg
624799f14343a7b1,assets/explore_images/624799f14343a7b1.jpg
a98cdbaa10b9da1a,assets/explore_images/a98cdbaa10b9da1a.jpg
15d73c5ded7c7872,assets/explore_images/15d73c5ded7c7872.jpg
80028bdec1cea655,assets/explore_images/80028bdec1cea655.jpg
e2cabbe101bb8c88,assets/explore_images/e2cabbe101bb8c88.jpg
5408295dd7af106d,assets/explore_images/5408295dd7af106d.jpg
d56d3f4451ba1959,assets/explore_images/d56d3f4451ba1959.jpg
b9e6d56e2a7d8a73,assets/explore_images/b9e6d56e2a7d8a73.jpg
4dad15fe9e33f4e2,assets/explore_images/4dad15fe9e33f4e2.jpg
7167d90046065e0d,assets/explore_images/7167d90046065e0d.jpg
011373e199a1c72f,assets/explore_images/011373e199a1c72f.jpg
9796dd5ea6d44160,assets/explore_images/9796dd5ea6d44160.jpg
55c738defcbac73d,assets/explore_images/55c738defcbac73d.jpg
40cff74bd1230789,assets/explore_images/40cff74bd1230789.jpg
7cbaf4fc2f5d4c94,assets/explore_images/7cbaf4fc2f5d4c94.jpg
61348154ef3ef4bb,assets/explore_images/61348154ef3ef4bb.jpg
340010636cbd5622,assets/explore_images/340010636cbd5622.jpg
34c061f03f99fcf6,assets/explore_images/34c061f03f99fcf6.jpg
320de0763da0d104,assets/explore_images/320de0763da0d104.jpg
3cdffda4e0dcd7c9,assets/explore_images/3cdffda4e0dcd7c9.jpg
f048d9e5970fcee6,assets/explore_images/f048d9e5970fcee6.jpg
aa3934c0f79aabfc,assets/explore_images/aa3934c0f79aabfc.jpg
1cb9a38ad80ff1a9,assets/explore_images/1cb9a38ad80ff1a9.jpg
96fa1b6a0f99a9e3,assets/explore_images/96fa1b6a0f99a9e3.jpg
aa22018d5f3a3a0b,assets/explore_images/aa22018d5f3a3a0b.jpg
7dbe3793d0293d87,assets/explore_images/7dbe3793d0293d87.jpg
43d1565a85864a47,assets/explore_images/43d1565a85864a47.jpg
8f4b7603b7ac0fa8,assets/explore_images/8f4b7603b7ac0fa8.jpg
9fc61f7c1b2740d9,assets/explore_images/9fc61f7c1b2740d9.jpg
9ba957984cf750c9,assets/explore_images/9ba957984cf750c9.jpg
a8112cd308020603,assets/explore_images/a8112cd308020603.jpg
605c40a6fa8d9df5,assets/explore_images/605c40a6fa8d9df5.jpg
0b71db2b1d19fde3,assets/explore_images/0b71db2b1d19fde3.jpg
4cbaa807627ba952,assets/explore_images/4cbaa807627ba952.jpg
979c641ea758a09b,assets/explore_images/979c641ea758a09b.jpg
ff2134efd943782d,assets/explore_images/ff2134efd943782d.jpg
33d3af9b2246a736,assets/explore_images/33d3af9b2246a736.jpg
1096d703b2ebf6dd,assets/explore_images/1096d703b2ebf6dd.jpg
fa74a178d0a291fa,assets/explore_images/fa74a178d0a291fa.jpg
69ccf4ad766d0045,assets/explore_images/69ccf4ad766d0045.jpg
4ad6de1557fb6a7e,assets/explore_images/4ad6de1557fb6a7e.jpg
ceafa8e674bd5f07,assets/explore_images/ceafa8e674bd5f07.jpg
0163fce0b68a89f0,assets/explore_images/0163fce0b68a89f0.jpg
625890ed06480e84,assets/explore_images/625890ed06480e84.jpg
7c269c10ef10812e,assets/explore_images/7c269c10ef10812e.jpg
435f18c18659cf6b,assets/explore_images/435f18c18659cf6b.jpg
c8e7a5ec5c8ab2db,assets/explore_images/c8e7a5ec5c8ab2db.jpg
615fb9bd1f08d10f,assets/explore_images/615fb9bd1f08d10f.jpg
410256981ba20e88,assets/explore_images/410256981ba20e88.jpg
1026f50c95aaca49,assets/explore_images/1026f50c95aaca49.jpg
412e14ba603ad9b4,assets/explore_images/412e14ba603ad9b4.jpg
00b2ad60f05d83a2,assets/explore_images/00b2ad60f05d83a2.jpg
8c485d45d53b2500,assets/explore_images/8c485d45d53b2500.jpg
a82659caee1974ae,assets/explore_images/a82659caee1974ae.jpg
4869d8cee2125726,assets/explore_images/4869d8cee2125726.jpg
7f9ea6276beaa1ff,assets/explore_images/7f9ea6276beaa1ff.jpg
b458df0237b2f2c8,assets/explore_images/b458df0237b2f2c8.jpg
599f5a4452ffaadf,assets/explore_images/599f5a4452ffaadf.jpg
0606bd76984bee62,assets/explore_images/0606bd76984bee62.jpg
614c0be090175b7f,assets/explore_images/614c0be090175b7f.jpg
cefc91761cb1a2cf,assets/explore_images/cefc91761cb1a2cf.jpg
1363619f007a70e3,assets/explore_images/1363619f007a70e3.jpg
f808327026156767,assets/explore_images/f808327026156767.jpg
493bfb15b0ee129c,assets/explore_images/493bfb15b0ee129c.jpg
d9ce8326226e1945,assets/explore_images/d9ce8326226e1945.jpg
3c76297b01167c69,assets/explore_images/3c76297b01167c69.jpg
3fa25508fe655acf,assets/explore_images/3fa25508fe655acf.jpg
0a4327f3f8b40a29,assets/explore_images/0a4327f3f8b40a29.jpg
e6d1027c082cb696,assets/explore_images/e6d1027c082cb696.jpg
24f878826d3b9cad,assets/explore_images/24f878826d3b9cad.jpg
71f85cac70c9638a,assets/explore_images/71f85cac70c9638a.jpg
805146b0a504e33c,assets/explore_images/805146b0a504e33c.jpg
34e7e5f39e960225,assets/explore_images/34e7e5f39e960225.jpg
e7b248d216cb94c9,assets/explore_images/e7b248d216cb94c9.jpg
62c1a476d675c2e4,assets/explore_images/62c1a476d675c2e4.jpg
7133322828aec1e5,assets/explore_images/7133322828aec1e5.jpg
545b0835ab08de08,assets/explore_images/545b0835ab08de08.jpg
e01eae574044cc1d,assets/explore_images/e01eae574044cc1d.jpg
a0c197626040009d,assets/explore_images/a0c197626040009d.jpg
22bac5565425db20,assets/explore_images/22bac5565425db20.jpg
693b83cdd66a22dc,assets/explore_images/693b83cdd66a22dc.jpg
5c74766a440ccec5,assets/explore_images/5c74766a440ccec5.jpg
0c8ef0befd42467a,assets/explore_images/0c8ef0befd42467a.jpg
082e241d92513186,assets/explore_images/082e241d92513186.jpg
4de6244d564bf9c6,assets/explore_images/4de6244d564bf9c6.jpg
beb41e3ba8ccfa50,assets/explore_images/beb41e3ba8ccfa50.jpg
cf54afde7950b4ae,assets/explore_images/cf54afde7950b4ae.jpg
cc9182feb2ae26c4,assets/explore_images/cc9182feb2ae26c4.jpg
ab1999870f3586a5,assets/explore_images/ab1999870f3586a5.jpg
b62bda645df6c292,assets/explore_images/b62bda645df6c292.jpg
d5a0cb51b65e2896,assets/explore_images/d5a0cb51b65e2896.jpg
d7e4049ebe299f31,assets/explore_images/d7e4049ebe299f31.jpg
6428c08fe9387d1e,assets/explore_images/6428c08fe9387d1e.jpg
0ccc6e1df4a64a82,assets/explore_images/0ccc6e1df4a64a82.jpg
9fbd136c8212f46d,assets/explore_images/9fbd136c8212f46d.jpg
037f2f9450dda8c6,assets/explore_images/037f2f9450dda8c6.jpg
020037e514dfebe6,assets/explore_images/020037e514dfebe6.jpg
aab23f0c6be39931,assets/explore_images/aab23f0c6be39931.jpg
cf7a8a55e2319938,assets/explore_images/cf7a8a55e2319938.jpg
c7dad55e717bae90,assets/explore_images/c7dad55e717bae90.jpg
248d3135c469e385,assets/explore_images/248d3135c469e385.jpg
c84ccf4fc1da4fc5,assets/explore_images/c84ccf4fc1da4fc5.jpg
3d35896a2efcaf16,assets/explore_images/3d35896a2efcaf16.jpg
e3b540d555b255e5,assets/explore_images/e3b540d555b255e5.jpg
54d78876707ba10c,assets/explore_images/54d78876707ba10c.jpg
f8d2133bc24f837b,assets/explore_images/f8d2133bc24f837b.jpg
58910f940eada8a2,assets/explore_images/58910f940eada8a2.jpg
f68a2c59bed9b654,assets/explore_images/f68a2c59bed9b654.jpg
19218b49122e232d,assets/explore_images/19218b49122e232d.jpg
faf00867d0518072,assets/explore_images/faf00867d0518072.jpg
9c0878594ee7549a,assets/explore_images/9c0878594ee7549a.jpg
eb18881f1b2594b7,assets/explore_images/eb18881f1b2594b7.jpg
a5e657c1714d0b87,assets/explore_images/a5e657c1714d0b87.jpg
6e0349e7ab05dbae,assets/explore_images/6e0349e7ab05dbae.jpg
f0398665299720fb,assets/explore_images/f0398665299720fb.jpg
09585664c76c38f7,assets/explore_images/09585664c76c38f7.jpg
183f390c1679d799,assets/explore_images/183f390c1679d799.jpg
6f9d144efc2e9213,assets/explore_images/6f9d144efc2e9213.jpg
e3b4216852f5daec,assets/explore_images/e3b4216852f5daec.jpg
47ba6a03f4f6695d,assets/explore_images/47ba6a03f4f6695d.jpg
ae1d83f25090eb3f,assets/explore_images/ae1d83f25090eb3f.jpg
11d99ad7e9a66099,assets/explore_images/11d99ad7e9a66099.jpg
0a189b486b3b05e0,assets/explore_images/0a189b486b3b05e0.jpg
075050f41e99f5b1,assets/explore_images/075050f41e99f5b1.jpg
9e3a7baaf46f2610,assets/explore_images/9e3a7baaf46f2610.jpg
3eb2fcfed7391d3c,assets/explore_images/3eb2fcfed7391d3c.jpg
fff3cf90962c0917,assets/explore_images/fff3cf90962c0917.jpg
e2f8ccc744bbd8cc,assets/explore_images/e2f8ccc744bbd8cc.jpg
df14f59b0010d13f,assets/explore_images/df14f59b0010d13f.jpg
23ab40b192492613,assets/explore_images/23ab40b192492613.jpg
330a3062f85fffa7,assets/explore_images/330a3062f85fffa7.jpg
a20bf253514b0cd4,assets/explore_images/a20bf253514b0cd4.jpg
2ee7ba50e5482b29,assets/explore_images/2ee7ba50e5482b29.jpg
a1e7176cc816ef2f,assets/explore_images/a1e7176cc816ef2f.jpg
7556be6abe205999,assets/explore_images/7556be6abe205999.jpg
f48eee1ecb4beb7e,assets/explore_images/f48eee1ecb4beb7e.jpg
116b683dd3845236,assets/explore_images/116b683dd3845236.jpg
fdaa4614d4af1535,assets/explore_images/fdaa4614d4af1535.jpg
2f48c96a2faa2d4a,assets/explore_images/2f48c96a2faa2d4a.jpg
324ae9c97bbf4bad,assets/explore_images/324ae9c97bbf4bad.jpg
9d51ac86126923a4,assets/explore_images/9d51ac86126923a4.jpg
6756e2d935c03d64,assets/explore_images/6756e2d935c03d64.jpg
3987ae14f98f3d46,assets/explore_images/3987ae14f98f3d46.jpg
c81c023b535b1ca3,assets/explore_images/c81c023b535b1ca3.jpg
9eb674535e08c27e,assets/explore_images/9eb674535e08c27e.jpg
9fa38f916bf6b495,assets/explore_images/9fa38f916bf6b495.jpg
3d5ecf33f6f58a50,assets/explore_images/3d5ecf33f6f58a50.jpg
bc80fe774250c186,assets/explore_images/bc80fe774250c186.jpg
a1d02d101c817820,assets/explore_images/a1d02d101c817820.jpg
68d94cd8dd2a6b60,assets/explore_images/68d94cd8dd2a6b60.jpg
ba9df81453a776fa,assets/explore_images/ba9df81453a776fa.jpg
8944ed1ad034c622,assets/explore_images/8944ed1ad034c622.jpg
f7a22dfd44118425,assets/explore_images/f7a22dfd44118425.jpg
d7e9dc78e10cae42,assets/explore_images/d7e9dc78e10cae42.jpg
e0ea586842481028,assets/explore_images/e0ea586842481028.jpg
2b06ccf8224872cf,assets/explore_images/2b06ccf8224872cf.jpg
24d2b480cdf99803,assets/explore_images/24d2b480cdf99803.jpg
13c064e2555b4057,assets/explore_images/13c064e2555b4057.jpg
e9be99fd73927b60,assets/explore_images/e9be99fd73927b60.jpg
cc6cc49918b32a69,assets/explore_images/cc6cc49918b32a69.jpg
14a9559e99199899,assets/explore_images/14a9559e99199899.jpg
85dd2be3adea6cb6,assets/explore_images/85dd2be3adea6cb6.jpg
33a0084c07ebf596,assets/explore_images/33a0084c07ebf596.jpg
799697f2050343fc,assets/explore_images/799697f2050343fc.jpg
3c38458ef95852bb,assets/explore_images/3c38458ef95852bb.jpg
17bbaba5f2ef0ca0,assets/explore_images/17bbaba5f2ef0ca0.jpg
6861fb3fe75a3871,assets/explore_images/6861fb3fe75a3871.jpg
de0263476d3933e5,assets/explore_images/de0263476d3933e5.jpg
5f50329108774f85,assets/explore_images/5f50329108774f85.jpg
5e52ff1fa52bdc74,assets/explore_images/5e52ff1fa52bdc74.jpg
219a3b150eb7e892,assets/explore_images/219a3b150eb7e892.jpg
2bd9b262cabaf25d,assets/explore_images/2bd9b262cabaf25d.jpg
dc4432b43c78902f,assets/explore_images/dc4432b43c78902f.jpg
555a8db05c6061ef,assets/explore_images/555a8db05c6061ef.jpg
a2f04441f87e90b9,assets/explore_images/a2f04441f87e90b9.jpg
999973c4e50e2a86,assets/explore_images/999973c4e50e2a86.jpg
e9eb35f3d8466ca2,assets/explore_images/e9eb35f3d8466ca2.jpg
7b891c80c0587368,assets/explore_images/7b891c80c0587368.jpg
550399ed64eef482,assets/explore_images/550399ed64eef482.jpg
97390a4b193a137c,assets/explore_images/97390a4b193a137c.jpg
719182233d2ca81f,assets/explore_images/719182233d2ca81f.jpg
6a9a7ed64653bfb5,assets/explore_images/6a9a7ed64653bfb5.jpg
53f7290def065d52,assets/explore_images/53f7290def065d52.jpg
743fe40a2726f277,assets/explore_images/743fe40a2726f277.jpg
4cbc0d2982a1814b,assets/explore_images/4cbc0d2982a1814b.jpg
715e50070a0beefc,assets/explore_images/715e50070a0beefc.jpg
2bc908842e7b6f66,assets/explore_images/2bc908842e7b6f66.jpg
aea5422e83931b70,assets/explore_images/aea5422e83931b70.jpg
07a6468944de12cf,assets/explore_images/07a6468944de12cf.jpg
a36d0884f49fcd1f,assets/explore_images/a36d0884f49fcd1f.jpg
f2f3748f241dafdb,assets/explore_images/f2f3748f241dafdb.jpg
d4e3de07d6d49134,assets/explore_images/d4e3de07d6d49134.jpg
c1086f9bd035e2b1,assets/explore_images/c1086f9bd035e2b1.jpg
7784785eea293868,assets/explore_images/7784785eea293868.jpg
31b331848b3f64b2,assets/explore_images/31b331848b3f64b2.jpg
f307c32208bb9bd0,assets/explore_images/f307c32208bb9bd0.jpg
6faecc7807cf1fab,assets/explore_images/6faecc7807cf1fab.jpg
0fd361ae0470692d,assets/explore_images/0fd361ae0470692d.jpg
43ac254452505fa8,assets/explore_images/43ac254452505fa8.jpg
ba533580f1013929,assets/explore_images/ba533580f1013929.jpg
d9fe034368efea7b,assets/explore_images/d9fe034368efea7b.jpg
38434820dcfc7c36,assets/explore_images/38434820dcfc7c36.jpg
f58454776d18e45d,assets/explore_images/f58454776d18e45d.jpg
6a0f34b2e176729e,assets/explore_images/6a0f34b2e176729e.jpg
83bca283bb1b6d92,assets/explore_images/83bca283bb1b6d92.jpg
de532a7297306b65,assets/explore_images/de532a7297306b65.jpg
505433402871db51,assets/explore_images/505433402871db51.jpg
02492583b7c0968a,assets/explore_images/02492583b7c0968a.jpg
7e1c26725944bafd,assets/explore_images/7e1c26725944bafd.jpg
64a6c98049d07aba,assets/explore_images/64a6c98049d07aba.jpg
b02cdeac641d0fb9,assets/explore_images/b02cdeac641d0fb9.jpg
fcf626eb400753fe,assets/explore_images/fcf626eb400753fe.jpg
0830dc67cc587dd6,assets/explore_images/0830dc67cc587dd6.jpg
c55323f66155b37c,assets/explore_images/c55323f66155b37c.jpg
e10ec9c132f9173f,assets/explore_images/e10ec9c132f9173f.jpg
a4c47675ad98e4e7,assets/explore_images/a4c47675ad98e4e7.jpg
40caf015de64ed7d,assets/explore_images/40caf015de64ed7d.jpg
c7f1a7ee5eccb714,assets/explore_images/c7f1a7ee5eccb714.jpg
5d7ffc2352418531,assets/explore_images/5d7ffc2352418531.jpg
b642ae2eee58440b,assets/explore_images/b642ae2eee58440b.jpg
ea30524cc695fa17,assets/explore_images/ea30524cc695fa17.jpg
ccc21d30d2c43f83,assets/explore_images/ccc21d30d2c43f83.jpg
a9b390466b602e03,assets/explore_images/a9b390466b602e03.jpg
90cd78d6751b88b1,assets/explore_images/90cd78d6751b88b1.jpg
b0d014d1d1b85fc7,assets/explore_images/b0d014d1d1b85fc7.jpg
2b487fd6159e04e4,assets/explore_images/2b487fd6159e04e4.jpg
68d59e2a2ccac6be,assets/explore_images/68d59e2a2ccac6be.jpg
242928cd981dbe53,assets/explore_images/242928cd981dbe53.jpg
61a3678925a91d73,assets/explore_images/61a3678925a91d73.jpg
a732a38239484747,assets/explore_images/a732a38239484747.jpg
a40774a05bd9be97,assets/explore_images/a40774a05bd9be97.jpg
63ae24f31fe9458f,assets/explore_images/63ae24f31fe9458f.jpg
0e9a768a2b876934,assets/explore_images/0e9a768a2b876934.jpg
6aa714b5fbc4bd72,assets/explore_images/6aa714b5fbc4bd72.jpg
1cdd89d8f7d7dcf2,assets/explore_images/1cdd89d8f7d7dcf2.jpg
809cce8541be31ba,assets/explore_images/809cce8541be31ba.jpg
120eccfe2b9820ed,assets/explore_images/120eccfe2b9820ed.jpg
0a6e485d81e1fa03,assets/explore_images/0a6e485d81e1fa03.jpg
a015bf75d96a0b8d,assets/explore_images/a015bf75d96a0b8d.jpg
92a5ffbeb449c3b2,assets/explore_images/92a5ffbeb449c3b2.jpg
a7b69311a503d0c6,assets/explore_images/a7b69311a503d0c6.jpg
58c6bffd2ba8daf9,assets/explore_images/58c6bffd2ba8daf9.jpg
19e9862ac661eaf4,assets/explore_images/19e9862ac661eaf4.jpg
f47ae419435f87dd,assets/explore_images/f47ae419435f87dd.jpg
1baae36cd269cc02,assets/explore_images/1baae36cd269cc02.jpg
c282e8e9cdb194f1,assets/explore_images/c282e8e9cdb194f1.jpg
ca87d1ce77e32a7b,assets/explore_images/ca87d1ce77e32a7b.jpg
b1a0870e41117196,assets/explore_images/b1a0870e41117196.jpg
31fd9156ac8a54de,assets/explore_images/31fd9156ac8a54de.jpg
01931dd240938ca8,assets/explore_images/01931dd240938ca8.jpg
d1416bf2048a7e38,assets/explore_images/d1416bf2048a7e38.jpg
289c89b90f4c3e58,assets/explore_images/289c89b90f4c3e58.jpg
6d4c036ea1af1a2e,assets/explore_images/6d4c036ea1af1a2e.jpg
323e7f6010fa4569,assets/explore_images/323e7f6010fa4569.jpg
8672de71ff3ab40a,assets/explore_images/8672de71ff3ab40a.jpg
ad27e916952fc3ef,assets/explore_images/ad27e916952fc3ef.jpg
00c330d3605e8382,assets/explore_images/00c330d3605e8382.jpg
f96b97b08aed43dc,assets/explore_images/f96b97b08aed43dc.jpg
bbbc8bb8210817bd,assets/explore_images/bbbc8bb8210817bd.jpg
89b76e3c0d47b5ca,assets/explore_images/89b76e3c0d47b5ca.jpg
50014b4e15085842,assets/explore_images/50014b4e15085842.jpg
23e8671abfb79558,assets/explore_images/23e8671abfb79558.jpg
258cdbb816b34b1c,assets/explore_images/258cdbb816b34b1c.jpg
2d5ebca3f9fb17a4,assets/explore_images/2d5ebca3f9fb17a4.jpg
4184b803ac20f6b0,assets/explore_images/4184b803ac20f6b0.jpg
d0131cc304712232,assets/explore_images/d0131cc304712232.jpg
b9a11f0a8cbd801d,assets/explore_images/b9a11f0a8cbd801d.jpg
cc802e81f8e4bba4,assets/explore_images/cc802e81f8e4bba4.jpg
fc47a0c908c08007,assets/explore_images/fc47a0c908c08007.jpg
40bfc4ee03fb6848,assets/explore_images/40bfc4ee03fb6848.jpg
5aa8c8cd342908cd,assets/explore_images/5aa8c8cd342908cd.jpg
0d530c744ee23a19,assets/explore_images/0d530c744ee23a19.jpg
4b4c99da47cc101f,assets/explore_images/4b4c99da47cc101f.jpg
7c68f6ea604b4bbf,assets/explore_images/7c68f6ea604b4bbf.jpg
5da1b440f49f562f,assets/explore_images/5da1b440f49f562f.jpg
203a7e3bdd3ea2d2,assets/explore_images/203a7e3bdd3ea2d2.jpg
91272b569c10efc1,assets/explore_images/91272b569c10efc1.jpg
962ca3325b4f1d94,assets/explore_images/962ca3325b4f1d94.jpg
0096ae7d9a752bb0,assets/explore_images/0096ae7d9a752bb0.jpg
7e51ddff226bdd0f,assets/explore_images/7e51ddff226bdd0f.jpg
5f2adca9748839d3,assets/explore_images/5f2adca9748839d3.jpg
3cbd5341e7a7a757,assets/explore_images/3cbd5341e7a7a757.jpg
91d379ba9bcc0d76,assets/explore_images/91d379ba9bcc0d76.jpg
7e926df4e2834a89,assets/explore_images/7e926df4e2834a89.jpg
896f4b251701342f,assets/explore_images/896f4b251701342f.jpg
787570176bad86dd,assets/explore_images/787570176bad86dd.jpg
89cafe55c54fe31c,assets/explore_images/89cafe55c54fe31c.jpg
a3032b3df9637dd7,assets/explore_images/a3032b3df9637dd7.jpg
11dfdeb2fbc31f87,assets/explore_images/11dfdeb2fbc31f87.jpg
d9d5e1b5378fc2fb,assets/explore_images/d9d5e1b5378fc2fb.jpg
e4f0e6500f000010,assets/explore_images/e4f0e6500f000010.jpg
a8cc61bd0c8100a9,assets/explore_images/a8cc61bd0c8100a9.jpg
da69b63e8013ff18,assets/explore_images/da69b63e8013ff18.jpg
72409a310b491d0e,assets/explore_images/72409a310b491d0e.jpg
2c926fa7b72f2a25,assets/explore_images/2c926fa7b72f2a25.jpg
83f3b82ba0bd156f,assets/explore_images/83f3b82ba0bd156f.jpg
d92a0042a201ee2b,assets/explore_images/d92a0042a201ee2b.jpg
21e8841d69e9ac08,assets/explore_images/21e8841d69e9ac08.jpg
908a02e8d9ab6496,assets/explore_images/908a02e8d9ab6496.jpg
27c5f80183d3bc7f,assets/explore_images/27c5f80183d3bc7f.jpg
0ba2e597d9f356e2,assets/explore_images/0ba2e597d9f356e2.jpg
fa09f600bfb2f59b,assets/explore_images/fa09f600bfb2f59b.jpg
6c58d5747ac827c7,assets/explore_images/6c58d5747ac827c7.jpg
98de2a80fb318548,assets/explore_images/98de2a80fb318548.jpg
b797dfd16a824a42,assets/explore_images/b797dfd16a824a42.jpg
3d2730c8e63b5c48,assets/explore_images/3d2730c8e63b5c48.jpg
f556c0a0debbd396,assets/explore_images/f556c0a0debbd396.jpg
5278099fb2276aa2,assets/explore_images/5278099fb2276aa2.jpg
5c2940160b8aa2e2,assets/explore_images/5c2940160b8aa2e2.jpg
fdc615ac70f9df46,assets/explore_images/fdc615ac70f9df46.jpg
c671095d2dd86dce,assets/explore_images/c671095d2dd86dce.jpg
44081215013f55d8,assets/explore_images/44081215013f55d8.jpg
54c608d1692d311e,assets/explore_images/54c608d1692d311e.jpg
cf8739b6d36a59d9,assets/explore_images/cf8739b6d36a59d9.jpg
b8c83cd4dd47a180,assets/explore_images/b8c83cd4dd47a180.jpg
8168e653ef8eb513,assets/explore_images/8168e653ef8eb513.jpg
3124cac54325fb47,assets/explore_images/3124cac54325fb47.jpg
649fd1427d23dfe7,assets/explore_images/649fd1427d23dfe7.jpg
e6365f26175a7577,assets/explore_images/e6365f26175a7577.jpg
a4d0d425134ff24a,assets/explore_images/a4d0d425134ff24a.jpg
86dd42d35a152ea5,assets/explore_images/86dd42d35a152ea5.jpg
d1a52c442047ec85,assets/explore_images/d1a52c442047ec85.jpg
56906b22dd9507c5,assets/explore_images/56906b22dd9507c5.jpg
a86e4c4510c5e8dd,assets/explore_images/a86e4c4510c5e8dd.jpg
7744666dd003df18,assets/explore_images/7744666dd003df18.jpg
a5d9998ecb713ae4,assets/explore_images/a5d9998ecb713ae4.jpg
4d060a3eae0f6c3b,assets/explore_images/4d060a3eae0f6c3b.jpg
4541024c42338d03,assets/explore_images/4541024c42338d03.jpg
b86ad118c6f623f1,assets/explore_images/b86ad118c6f623f1.jpg
863ea0b695f7caaf,assets/explore_images/863ea0b695f7caaf.jpg
88eaa11386702986,assets/explore_images/88eaa11386702986.jpg
caafd896687618b0,assets/explore_images/caafd896687618b0.jpg
0fc8770a07234d60,assets/explore_images/0fc8770a07234d60.jpg
d3968a8bcbb6436b,assets/explore_images/d3968a8bcbb6436b.jpg
62296fb74cdf4c8e,assets/explore_images/62296fb74cdf4c8e.jpg
84a920a3b062310b,assets/explore_images/84a920a3b062310b.jpg
1f066ec2e73dfd7b,assets/explore_images/1f066ec2e73dfd7b.jpg
8d4874858bf20d28,assets/explore_images/8d4874858bf20d28.jpg
e49b7bbcff7c60a1,assets/explore_images/e49b7bbcff7c60a1.jpg
b73fde2d5509346f,assets/explore_images/b73fde2d5509346f.jpg
29d1e0266ee53150,assets/explore_images/29d1e0266ee53150.jpg
2d1a823e4b2a2ba8,assets/explore_images/2d1a823e4b2a2ba8.jpg
7c4f0c00f93b86c2,assets/explore_images/7c4f0c00f93b86c2.jpg
9d370d7a0651b2a8,assets/explore_images/9d370d7a0651b2a8.jpg
058748d6164c8818,assets/explore_images/058748d6164c8818.jpg
d6537d61c82d6f19,assets/explore_images/d6537d61c82d6f19.jpg
e72c0ce82c9595b1,assets/explore_images/e72c0ce82c9595b1.jpg
0c3971e19dc7816b,assets/explore_images/0c3971e19dc7816b.jpg
5f6a96188262c78d,assets/explore_images/5f6a96188262c78d.jpg
540c2c536fbc9c18,assets/explore_images/540c2c536fbc9c18.jpg
b7293afa0ec04814,assets/explore_images/b7293afa0ec04814.jpg
d578d0a6c1ef6ec3,assets/explore_images/d578d0a6c1ef6ec3.jpg
084bc50e81b617f0,assets/explore_images/084bc50e81b617f0.jpg
51372fe49a5f74cf,assets/explore_images/51372fe49a5f74cf.jpg
835b1a353863a894,assets/explore_images/835b1a353863a894.jpg
859e75a9cec62208,assets/explore_images/859e75a9cec62208.jpg
f289afc52bd42dc4,assets/explore_images/f289afc52bd42dc4.jpg
b4c97a52bcb8966e,assets/explore_images/b4c97a52bcb8966e.jpg
c84a9994e3562dfa,assets/explore_images/c84a9994e3562dfa.jpg
46155bfd49a2a549,assets/explore_images/46155bfd49a2a549.jpg
b4e38226fc676cde,assets/explore_images/b4e38226fc676cde.jpg
c85a71ef5a9ff045,assets/explore_images/c85a71ef5a9ff045.jpg
1491143115f44c4e,assets/explore_images/1491143115f44c4e.jpg
4c1afed94295f72a,assets/explore_images/4c1afed94295f72a.jpg
ebbe9440eedb5fb3,assets/explore_images/ebbe9440eedb5fb3.jpg
54eae53af7d2623b,assets/explore_images/54eae53af7d2623b.jpg
ca48614f5f49c4fc,assets/explore_images/ca48614f5f49c4fc.jpg
1a5c39b4048bd77d,assets/explore_images/1a5c39b4048bd77d.jpg
134d4fcd63fc5c19,assets/explore_images/134d4fcd63fc5c19.jpg
e7553a1a347bfdcb,assets/explore_images/e7553a1a347bfdcb.jpg
b00d529ac985e2ca,assets/explore_images/b00d529ac985e2ca.jpg
c8b04e4d00118fa7,assets/explore_images/c8b04e4d00118fa7.jpg
1c7706e962fce683,assets/explore_images/1c7706e962fce683.jpg
80fc5094e1cbfd5f,assets/explore_images/80fc5094e1cbfd5f.jpg
ebec05a169d1b200,assets/explore_images/ebec05a169d1b200.jpg
760f55772bcf4861,assets/explore_images/760f55772bcf4861.jpg
472b2df1a4b44bad,assets/explore_images/472b2df1a4b44bad.jpg
b2a3dce2e7d4ba70,assets/explore_images/b2a3dce2e7d4ba70.jpg
f44953289d7cb68d,assets/explore_images/f44953289d7cb68d.jpg
93b9263f5e5f7fab,assets/explore_images/93b9263f5e5f7fab.jpg
d915b7777639f189,assets/explore_images/d915b7777639f189.jpg
ce149ba0a0ddf8c6,assets/explore_images/ce149ba0a0ddf8c6.jpg
17c566ab0af52dbf,assets/explore_images/17c566ab0af52dbf.jpg
9a44ecfe8d2befa3,assets/explore_images/9a44ecfe8d2befa3.jpg
d3acd053a57cd7a0,assets/explore_images/d3acd053a57cd7a0.jpg
ec1c08c880fc2176,assets/explore_images/ec1c08c880fc2176.jpg
192673bb4620df09,assets/explore_images/192673bb4620df09.jpg
f8b8759618c626c7,assets/explore_images/f8b8759618c626c7.jpg
e41e3e20da408384,assets/explore_images/e41e3e20da408384.jpg
6912b17774b6ae52,assets/explore_images/6912b17774b6ae52.jpg
7f58a14aed3c9a75,assets/explore_images/7f58a14aed3c9a75.jpg
baed168c862016ff,assets/explore_images/baed168c862016ff.jpg
f6e9db2d21e0aa77,assets/explore_images/f6e9db2d21e0aa77.jpg
5823cc96f8c6d023,assets/explore_images/5823cc96f8c6d023.jpg
49fd6a2c6f531dbf,assets/explore_images/49fd6a2c6f531dbf.jpg
3b17085140f1b51c,assets/explore_images/3b17085140f1b51c.jpg
71349872f4fae005,assets/explore_images/71349872f4fae005.jpg
7717092e1afe1251,assets/explore_images/7717092e1afe1251.jpg
9a06a2856c076825,assets/explore_images/9a06a2856c076825.jpg
922823fbb5b8e969,assets/explore_images/922823fbb5b8e969.jpg
6bbc889130ce8f96,assets/explore_images/6bbc889130ce8f96.jpg
4ec13d1113a3abd9,assets/explore_images/4ec13d1113a3abd9.jpg
1b7dba95e3eb78b2,assets/explore_images/1b7dba95e3eb78b2.jpg
4a73363f837c3c6b,assets/explore_images/4a73363f837c3c6b.jpg
188179024974c4eb,assets/explore_images/188179024974c4eb.jpg
ce0db6d248562aaf,assets/explore_images/ce0db6d248562aaf.jpg
e2479e98bec14dc4,assets/explore_images/e2479e98bec14dc4.jpg
535438269120a8e9,assets/explore_images/535438269120a8e9.jpg
f5ce33e151e01363,assets/explore_images/f5ce33e151e01363.jpg
a21714a80c9c331a,assets/explore_images/a21714a80c9c331a.jpg
2ab683d11dbf6afd,assets/explore_images/2ab683d11dbf6afd.jpg
c1b938f825a8d169,assets/explore_images/c1b938f825a8d169.jpg
a8375a5a34df750c,assets/explore_images/a8375a5a34df750c.jpg
6f9543f98d121146,assets/explore_images/6f9543f98d121146.jpg
58e211a17dd7312d,assets/explore_images/58e211a17dd7312d.jpg
ade1c8b67b72e8dd,assets/explore_images/ade1c8b67b72e8dd.jpg
10bf248dc491bf3d,assets/explore_images/10bf248dc491bf3d.jpg
3dbe3c6e40c1fc86,assets/explore_images/3dbe3c6e40c1fc86.jpg
946518c296852af2,assets/explore_images/946518c296852af2.jpg
d6553e5cffc2a8b0,assets/explore_images/d6553e5cffc2a8b0.jpg
48c4de52ce3b6f99,assets/explore_images/48c4de52ce3b6f99.jpg
b0844fb3770503f7,assets/explore_images/b0844fb3770503f7.jpg
4d61cad99c48a563,assets/explore_images/4d61cad99c48a563.jpg
64ac0832a306273f,assets/explore_images/64ac0832a306273f.jpg
f2ebf729d251e30a,assets/explore_images/f2ebf729d251e30a.jpg
a094efec20153cf5,assets/explore_images/a094efec20153cf5.jpg
ead281aebbea6da5,assets/explore_images/ead281aebbea6da5.jpg
aa74182fcc65b012,assets/explore_images/aa74182fcc65b012.jpg
d0f256c348c0983d,assets/explore_images/d0f256c348c0983d.jpg
1894e60bfa271bc6,assets/explore_images/1894e60bfa271bc6.jpg
48391810c47a285c,assets/explore_images/48391810c47a285c.jpg
b274da48257c0860,assets/explore_images/b274da48257c0860.jpg
3fcae7bce1dbc70c,assets/explore_images/3fcae7bce1dbc70c.jpg
bee9a165b6b8bad4,assets/explore_images/bee9a165b6b8bad4.jpg
4fd6135cb4881d3a,assets/explore_images/4fd6135cb4881d3a.jpg
19891e2a225e28e7,assets/explore_images/19891e2a225e28e7.jpg
b4f890a4a8013f32,assets/explore_images/b4f890a4a8013f32.jpg
8cb2bc40585c600f,assets/explore_images/8cb2bc40585c600f.jpg
bf2fbf84027cdf4f,assets/explore_images/bf2fbf84027cdf4f.jpg
6c741fcb6d5e06ab,assets/explore_images/6c741fcb6d5e06ab.jpg
c5fc239623c55168,assets/explore_images/c5fc239623c55168.jpg
36e5373538f60e09,assets/explore_images/36e5373538f60e09.jpg
941a6db4f4307995,assets/explore_images/941a6db4f4307995.jpg
0952a314cf015b5b,assets/explore_images/0952a314cf015b5b.jpg
9094013aac04fd41,assets/explore_images/9094013aac04fd41.jpg
96999c0328cb8308,assets/explore_images/96999c0328cb8308.jpg
7a9feeb5005bf83d,assets/explore_images/7a9feeb5005bf83d.jpg
77db9403397156eb,assets/explore_images/77db9403397156eb.jpg
e27e658cfe32cfac,assets/explore_images/e27e658cfe32cfac.jpg
5f447deaf1e35b8b,assets/explore_images/5f447deaf1e35b8b.jpg
08db74b4f53f0adf,assets/explore_images/08db74b4f53f0adf.jpg
f263b3157140f5cf,assets/explore_images/f263b3157140f5cf.jpg
844d1e1311aa124a,assets/explore_images/844d1e1311aa124a.jpg
e5a4d5418929f491,assets/explore_images/e5a4d5418929f491.jpg
899b91efb2707370,assets/explore_images/899b91efb2707370.jpg
cf10c8c60db62788,assets/explore_images/cf10c8c60db62788.jpg
0ef91e825583390f,assets/explore_images/0ef91e825583390f.jpg
099bcbec5ab0dcbb,assets/explore_images/099bcbec5ab0dcbb.jpg
63250db5b751c851,assets/explore_images/63250db5b751c851.jpg
68fa90de0ecc240b,assets/explore_images/68fa90de0ecc240b.jpg
daf536ce28c13c86,assets/explore_images/daf536ce28c13c86.jpg
5ae324a0d4d39a81,assets/explore_images/5ae324a0d4d39a81.jpg
29aaebbc64cfff82,assets/explore_images/29aaebbc64cfff82.jpg
0b48175daf42d4fb,assets/explore_images/0b48175daf42d4fb.jpg
52ccad533fbd7014,assets/explore_images/52ccad533fbd7014.jpg
856ebdac0a491d79,assets/explore_images/856ebdac0a491d79.jpg
048ba355a1711308,assets/explore_images/048ba355a1711308.jpg
e9d0289900287fd3,assets/explore_images/e9d0289900287fd3.jpg
88850e36c1caf75c,assets/explore_images/88850e36c1caf75c.jpg
4a67a6517e7f64a0,assets/explore_images/4a67a6517e7f64a0.jpg
6e7f188d64724947,assets/explore_images/6e7f188d64724947.jpg
b713f529d7e4d026,assets/explore_images/b713f529d7e4d026.jpg
88574c808a7c77cd,assets/explore_images/88574c808a7c77cd.jpg
4b032be6ebf3fdac,assets/explore_images/4b032be6ebf3fdac.jpg
a6865e33e2c13b85,assets/explore_images/a6865e33e2c13b85.jpg
ba898b677ae1dd1c,assets/explore_images/ba898b677ae1dd1c.jpg
9310d86574205d65,assets/explore_images/9310d86574205d65.jpg
e02e82fadbe80c2e,assets/explore_images/e02e82fadbe80c2e.jpg
18cd5e8eb542508a,assets/explore_images/18cd5e8eb542508a.jpg
2f60f905aa5466ac,assets/explore_images/2f60f905aa5466ac.jpg
44fb8164e987bd6a,assets/explore_images/44fb8164e987bd6a.jpg
5a9f1cd077068d19,assets/explore_images/5a9f1cd077068d19.jpg
903fae14dbb6aab9,assets/explore_images/903fae14dbb6aab9.jpg
2587309eb79696e3,assets/explore_images/2587309eb79696e3.jpg
8030ecbebbad26f3,assets/explore_images/8030ecbebbad26f3.jpg
bb0b03da61fa98a3,assets/explore_images/bb0b03da61fa98a3.jpg
22bcf3036e7e6478,assets/explore_images/22bcf3036e7e6478.jpg
b651bd1a13906c82,assets/explore_images/b651bd1a13906c82.jpg
565e6fffe0e83c39,assets/explore_images/565e6fffe0e83c39.jpg
5c6eec1a0870260c,assets/explore_images/5c6eec1a0870260c.jpg
164d1e98a3bdc68a,assets/explore_images/164d1e98a3bdc68a.jpg
110418318ae273ef,assets/explore_images/110418318ae273ef.jpg
c2c8458ac54d9803,assets/explore_images/c2c8458ac54d9803.jpg
bc60870468657207,assets/explore_images/bc60870468657207.jpg
a07b02c1a0143a58,assets/explore_images/a07b02c1a0143a58.jpg
cbd4c028f7a9d3ed,assets/explore_images/cbd4c028f7a9d3ed.jpg
594dfed4d6d6e9b9,assets/explore_images/594dfed4d6d6e9b9.jpg
b07be6d89a2afc19,assets/explore_images/b07be6d89a2afc19.jpg
308905eab9224719,assets/explore_images/308905eab9224719.jpg
048677db7824450c,assets/explore_images/048677db7824450c.jpg
0986707f04c80212,assets/explore_images/0986707f04c80212.jpg
db906b60af99a403,assets/explore_images/db906b60af99a403.jpg
c43e01c655aa57af,assets/explore_images/c43e01c655aa57af.jpg
f68efc0a111dec07,assets/explore_images/f68efc0a111dec07.jpg
33c524e1a9f9b2c3,assets/explore_images/33c524e1a9f9b2c3.jpg
2ace974f7ac0ee43,assets/explore_images/2ace974f7ac0ee43.jpg
c118a0939f208b47,assets/explore_images/c118a0939f208b47.jpg
2ef79980478203a6,assets/explore_images/2ef79980478203a6.jpg
86e0880804667ad9,assets/explore_images/86e0880804667ad9.jpg
20af782a0fbc7bf7,assets/explore_images/20af782a0fbc7bf7.jpg
19f856499f04adac,assets/explore_images/19f856499f04adac.jpg
d7a7e4761ef0251b,assets/explore_images/d7a7e4761ef0251b.jpg
7c3a7be602343312,assets/explore_images/7c3a7be602343312.jpg
c96ede7943acf074,assets/explore_images/c96ede7943acf074.jpg
e181dc39c03154bd,assets/explore_images/e181dc39c03154bd.jpg
59cffa0b62374346,assets/explore_images/59cffa0b62374346.jpg
c436cf51c5a02967,assets/explore_images/c436cf51c5a02967.jpg
0f4589599e600367,assets/explore_images/0f4589599e600367.jpg
d9eb4b0de90799db,assets/explore_images/d9eb4b0de90799db.jpg
521808409eee9d8b,assets/explore_images/521808409eee9d8b.jpg
121b3fb0545bbdca,assets/explore_images/121b3fb0545bbdca.jpg
6847b7600d4b3a0d,assets/explore_images/6847b7600d4b3a0d.jpg
066907fde125d72d,assets/explore_images/066907fde125d72d.jpg
abf2b6de76ae430a,assets/explore_images/abf2b6de76ae430a.jpg
f699f94b36e0a27e,assets/explore_images/f699f94b36e0a27e.jpg
8ce0e56cf33c1052,assets/explore_images/8ce0e56cf33c1052.jpg
ccf1194b618d7c41,assets/explore_images/ccf1194b618d7c41.jpg
933a82debefcee19,assets/explore_images/933a82debefcee19.jpg
5131767b868c9cdf,assets/explore_images/5131767b868c9cdf.jpg
c7db6b16e25e7b24,assets/explore_images/c7db6b16e25e7b24.jpg
78a5c185a5c4d194,assets/explore_images/78a5c185a5c4d194.jpg
65825bc6b81cdd3f,assets/explore_images/65825bc6b81cdd3f.jpg
50748aa70ac8ed1b,assets/explore_images/50748aa70ac8ed1b.jpg
aa5508a34e033905,assets/explore_images/aa5508a34e033905.jpg
b6598ed84b059a18,assets/explore_images/b6598ed84b059a18.jpg
8d6c5f27d9bff7de,assets/explore_images/8d6c5f27d9bff7de.jpg
60f80c2c6a9f1b0a,assets/explore_images/60f80c2c6a9f1b0a.jpg
155d0a0b4b927ba4,assets/explore_images/155d0a0b4b927ba4.jpg
fbe73f6afbfa7cbd,assets/explore_images/fbe73f6afbfa7cbd.jpg
d6fd4b42b82df6ef,assets/explore_images/d6fd4b42b82df6ef.jpg
6f2e3f9e91b596d1,assets/explore_images/6f2e3f9e91b596d1.jpg
8e9a4b18babd8c8f,assets/explore_images/8e9a4b18babd8c8f.jpg
10675d4cccd179c7,assets/explore_images/10675d4cccd179c7.jpg
127056abb92ccad3,assets/explore_images/127056abb92ccad3.jpg
ab33305bc69ee643,assets/explore_images/ab33305bc69ee643.jpg
3382bcd04f1ebd60,assets/explore_images/3382bcd04f1ebd60.jpg
b693d0fa1d7df812,assets/explore_images/b693d0fa1d7df812.jpg
638becb2747be49d,assets/explore_images/638becb2747be49d.jpg
77049ee1ace0d70a,assets/explore_images/77049ee1ace0d70a.jpg
4f830badeed31053,assets/explore_images/4f830badeed31053.jpg
fadb49f50a7e16a5,assets/explore_images/fadb49f50a7e16a5.jpg
5f033e281cc74120,assets/explore_images/5f033e281cc74120.jpg
051c0e58959eb88d,assets/explore_images/051c0e58959eb88d.jpg
1512354c24c696e4,assets/explore_images/1512354c24c696e4.jpg
41e57a181cf33e9e,assets/explore_images/41e57a181cf33e9e.jpg
c45ea4982d5c9445,assets/explore_images/c45ea4982d5c9445.jpg
457fb43fadb21785,assets/explore_images/457fb43fadb21785.jpg
0349d24a6b400599,assets/explore_images/0349d24a6b400599.jpg
414fd0a32b13774b,assets/explore_images/414fd0a32b13774b.jpg
2bc1fc901f571a30,assets/explore_images/2bc1fc901f571a30.jpg
447fb75ed351a3e1,assets/explore_images/447fb75ed351a3e1.jpg
d80d57b4f676ce34,assets/explore_images/d80d57b4f676ce34.jpg
bd45ccc3db58277d,assets/explore_images/bd45ccc3db58277d.jpg
59e5791809eccbd5,assets/explore_images/59e5791809eccbd5.jpg
3220cfc5b821f493,assets/explore_images/3220cfc5b821f493.jpg
e4c43e5e54380103,assets/explore_images/e4c43e5e54380103.jpg
c5fb486a78203c3c,assets/explore_images/c5fb486a78203c3c.jpg
6ae0e0d97d82c97f,assets/explore_images/6ae0e0d97d82c97f.jpg
b3be946c15343186,assets/explore_images/b3be946c15343186.jpg
3cf24aa8342bac11,assets/explore_images/3cf24aa8342bac11.jpg
152c7e1de5bbc85c,assets/explore_images/152c7e1de5bbc85c.jpg
c2564b95611580c4,assets/explore_images/c2564b95611580c4.jpg
3e05c941a5959d9e,assets/explore_images/3e05c941a5959d9e.jpg
3ebde1020e98bc5f,assets/explore_images/3ebde1020e98bc5f.jpg
c7f420df590b33fd,assets/explore_images/c7f420df590b33fd.jpg
42098b5df488e22a,assets/explore_images/42098b5df488e22a.jpg
209571578c4c24c8,assets/explore_images/209571578c4c24c8.jpg
1e52f2ed2fac5230,assets/explore_images/1e52f2ed2fac5230.jpg
06bb6ef768fa0397,assets/explore_images/06bb6ef768fa0397.jpg
d7f42de513beadbb,assets/explore_images/d7f42de513beadbb.jpg
1635b3118ff8d0f6,assets/explore_images/1635b3118ff8d0f6.jpg
7267dddad2d7a3f8,assets/explore_images/7267dddad2d7a3f8.jpg
f9e8f5bcdf7594a2,assets/explore_images/f9e8f5bcdf7594a2.jpg
5706914bcc2dd0f3,assets/explore_images/5706914bcc2dd0f3.jpg
1819801a21315923,assets/explore_images/1819801a21315923.jpg
d638ad2dee6e5347,assets/explore_images/d638ad2dee6e5347.jpg
a5e10231ad44f2e4,assets/explore_images/a5e10231ad44f2e4.jpg
0b047813bfee9b29,assets/explore_images/0b047813bfee9b29.jpg
fb90b736867688d9,assets/explore_images/fb90b736867688d9.jpg
c5024a0993ed3391,assets/explore_images/c5024a0993ed3391.jpg
bfae975308821ec3,assets/explore_images/bfae975308821ec3.jpg
d6d28cc0eec913ff,assets/explore_images/d6d28cc0eec913ff.jpg
f9e75480d3cdf7ec,assets/explore_images/f9e75480d3cdf7ec.jpg
1eccc4016d44a2a6,assets/explore_images/1eccc4016d44a2a6.jpg
662d2d5c148fde3a,assets/explore_images/662d2d5c148fde3a.jpg
689af81806c9af9e,assets/explore_images/689af81806c9af9e.jpg
fcd37e9638db95cc,assets/explore_images/fcd37e9638db95cc.jpg
d9e0c90eecc56f69,assets/explore_images/d9e0c90eecc56f69.jpg
f8a7cddbd34176e2,assets/explore_images/f8a7cddbd34176e2.jpg
8d795fc477affbee,assets/explore_images/8d795fc477affbee.jpg
ab3eae8c17566ec1,assets/explore_images/ab3eae8c17566ec1.jpg
1d968ecb07b02fe0,assets/explore_images/1d968ecb07b02fe0.jpg
197bc41e6a074129,assets/explore_images/197bc41e6a074129.jpg
4589defd22874f68,assets/explore_images/4589defd22874f68.jpg
ea98af454a2cc646,assets/explore_images/ea98af454a2cc646.jpg
6807d70618a11efa,assets/explore_images/6807d70618a11efa.jpg
8c80c143ca6abec4,assets/explore_images/8c80c143ca6abec4.jpg
b80249d6fb36fade,assets/explore_images/b80249d6fb36fade.jpg
c5d31f4dea7807ed,assets/explore_images/c5d31f4dea7807ed.jpg
e3591b3f626963fa,assets/explore_images/e3591b3f626963fa.jpg
4ca5e83a5f22d64f,assets/explore_images/4ca5e83a5f22d64f.jpg
ac76da8403fec3eb,assets/explore_images/ac76da8403fec3eb.jpg
d5fc8ef48f7fb101,assets/explore_images/d5fc8ef48f7fb101.jpg
d31b8fc3981a0602,assets/explore_images/d31b8fc3981a0602.jpg
91a4566f819702a3,assets/explore_images/91a4566f819702a3.jpg
e0e11bf53d78a59e,assets/explore_images/e0e11bf53d78a59e.jpg
0d1b0772e2aa1416,assets/explore_images/0d1b0772e2aa1416.jpg
4024ea911094787c,assets/explore_images/4024ea911094787c.jpg
e62ec2178c90805f,assets/explore_images/e62ec2178c90805f.jpg
fd0e4d6fdf01a9a5,assets/explore_images/fd0e4d6fdf01a9a5.jpg
bd63232036a83856,assets/explore_images/bd63232036a83856.jpg
1c3923dfe9c27475,assets/explore_images/1c3923dfe9c27475.jpg
65ec4ddeb60e60b8,assets/explore_images/65ec4ddeb60e60b8.jpg
094b35a2d209656f,assets/explore_images/094b35a2d209656f.jpg
1e1704a5943393eb,assets/explore_images/1e1704a5943393eb.jpg
1486c4e3a7b64fc4,assets/explore_images/1486c4e3a7b64fc4.jpg
7f5aa09494b2e5be,assets/explore_images/7f5aa09494b2e5be.jpg
73da96519c3a5354,assets/explore_images/73da96519c3a5354.jpg
b7e7efed7f92e802,assets/explore_images/b7e7efed7f92e802.jpg
fc6db6c9175bcb8e,assets/explore_images/fc6db6c9175bcb8e.jpg
c4c07128c3ed244e,assets/explore_images/c4c07128c3ed244e.jpg
ad978167c5482861,assets/explore_images/ad978167c5482861.jpg
66f1d77debf6804e,assets/explore_images/66f1d77debf6804e.jpg
498ebd70f335f180,assets/explore_images/498ebd70f335f180.jpg
8b04f07934d4dab4,assets/explore_images/8b04f07934d4dab4.jpg
d00926a4bc77765e,assets/explore_images/d00926a4bc77765e.jpg
0cc4aa2ffca827b0,assets/explore_images/0cc4aa2ffca827b0.jpg
9f6ce94c923170f0,assets/explore_images/9f6ce94c923170f0.jpg
f3acabde22feb002,assets/explore_images/f3acabde22feb002.jpg
573b7d9455f857f6,assets/explore_images/573b7d9455f857f6.jpg
f6ea786b65f6dc22,assets/explore_images/f6ea786b65f6dc22.jpg
de7d95aaf7c5210d,assets/explore_images/de7d95aaf7c5210d.jpg
46255ba7827f79f1,assets/explore_images/46255ba7827f79f1.jpg
8aa788adbd99d85d,assets/explore_images/8aa788adbd99d85d.jpg
7cfe074d73d41054,assets/explore_images/7cfe074d73d41054.jpg
bede4e01cd75f13e,assets/explore_images/bede4e01cd75f13e.jpg
3bf9e9389e95347d,assets/explore_images/3bf9e9389e95347d.jpg
2d16138701b626d2,assets/explore_images/2d16138701b626d2.jpg
722ff3003a159d9e,assets/explore_images/722ff3003a159d9e.jpg
77984663556bbf3b,assets/explore_images/77984663556bbf3b.jpg
29971920d66d4268,assets/explore_images/29971920d66d4268.jpg
2dd8418ba6560764,assets/explore_images/2dd8418ba6560764.jpg
02b9997992aaf0f5,assets/explore_images/02b9997992aaf0f5.jpg
a68cb4ad0b7e1625,assets/explore_images/a68cb4ad0b7e1625.jpg
d71fa6067695dbb9,assets/explore_images/d71fa6067695dbb9.jpg
29e1224ba5d05595,assets/explore_images/29e1224ba5d05595.jpg
fada214f8c4d5983,assets/explore_images/fada214f8c4d5983.jpg
3cfa7db2adf132af,assets/explore_images/3cfa7db2adf132af.jpg
eae06fe3673d80ec,assets/explore_images/eae06fe3673d80ec.jpg
b279be03cf9a0230,assets/explore_images/b279be03cf9a0230.jpg
57fda8cfeb353b97,assets/explore_images/57fda8cfeb353b97.jpg
c595c6aa1edc1b8a,assets/explore_images/c595c6aa1edc1b8a.jpg
645a5e87fb4c85c4,assets/explore_images/645a5e87fb4c85c4.jpg
541c5ef83a66764f,assets/explore_images/541c5ef83a66764f.jpg
daff5451a9770349,assets/explore_images/daff5451a9770349.jpg
4314bcaa440939a3,assets/explore_images/4314bcaa440939a3.jpg
cb3ab5fd11e79cb7,assets/explore_images/cb3ab5fd11e79cb7.jpg
eb9e7274e327e09f,assets/explore_images/eb9e7274e327e09f.jpg
e470cb6f753babf6,assets/explore_images/e470cb6f753babf6.jpg
e7b75bc64166e521,assets/explore_images/e7b75bc64166e521.jpg
e0f5458f62c0907d,assets/explore_images/e0f5458f62c0907d.jpg
1405a3e58ad4ae05,assets/explore_images/1405a3e58ad4ae05.jpg
b64cc25e12f0e008,assets/explore_images/b64cc25e12f0e008.jpg
d52a2787d7ff5a97,assets/explore_images/d52a2787d7ff5a97.jpg
3814282fee0ffc33,assets/explore_images/3814282fee0ffc33.jpg
4dd0dcd898e9ed1f,assets/explore_images/4dd0dcd898e9ed1f.jpg
c0df21cef7633646,assets/explore_images/c0df21cef7633646.jpg
1d24696a3019ba4c,assets/explore_images/1d24696a3019ba4c.jpg
b3b467dc7e3279f5,assets/explore_images/b3b467dc7e3279f5.jpg
e9a82aedd33bdd9e,assets/explore_images/e9a82aedd33bdd9e.jpg
3d3ee99f9375c91d,assets/explore_images/3d3ee99f9375c91d.jpg
d1d63a87ba54814d,assets/explore_images/d1d63a87ba54814d.jpg
5fd939e7d2e15bfa,assets/explore_images/5fd939e7d2e15bfa.jpg
23d3c94517447d33,assets/explore_images/23d3c94517447d33.jpg
6b311be08bbd2b64,assets/explore_images/6b311be08bbd2b64.jpg
fe3502b674a132f3,assets/explore_images/fe3502b674a132f3.jpg
90fa4cbb0ef0f75d,assets/explore_images/90fa4cbb0ef0f75d.jpg
ecd914e9b17d7e1a,assets/explore_images/ecd914e9b17d7e1a.jpg
2487a10b39ea81f8,assets/explore_images/2487a10b39ea81f8.jpg
8e7c524f2e73e76d,assets/explore_images/8e7c524f2e73e76d.jpg
5f0f22c5d5015018,assets/explore_images/5f0f22c5d5015018.jpg
db7195adacfdb54b,assets/explore_images/db7195adacfdb54b.jpg
ea8a0342aca90a10,assets/explore_images/ea8a0342aca90a10.jpg
d031d9949036554e,assets/explore_images/d031d9949036554e.jpg
0b8331a77a5625d8,assets/explore_images/0b8331a77a5625d8.jpg
8af57bb892cc4427,assets/explore_images/8af57bb892cc4427.jpg
50ccc1cfb78d8263,assets/explore_images/50ccc1cfb78d8263.jpg
0d0ae04580358edf,assets/explore_images/0d0ae04580358edf.jpg
6ae8b07e8987f89a,assets/explore_images/6ae8b07e8987f89a.jpg
276c47efb02c0039,assets/explore_images/276c47efb02c0039.jpg
b94b83ff395489ae,assets/explore_images/b94b83ff395489ae.jpg
50b72aadf1226946,assets/explore_images/50b72aadf1226946.jpg
d804509fd5ba0756,assets/explore_images/d804509fd5ba0756.jpg
e703cfb1e9441375,assets/explore_images/e703cfb1e9441375.jpg
7d0e1ba43068268c,assets/explore_images/7d0e1ba43068268c.jpg
76544d4a8c77d0d0,assets/explore_images/76544d4a8c77d0d0.jpg
53dae05b57e012cf,assets/explore_images/53dae05b57e012cf.jpg
96eab9bfcb4e8403,assets/explore_images/96eab9bfcb4e8403.jpg
6d51ea6601ca2e67,assets/explore_images/6d51ea6601ca2e67.jpg
14a61342926f1889,assets/explore_images/14a61342926f1889.jpg
e0f4b57a0469dc4e,assets/explore_images/e0f4b57a0469dc4e.jpg
41c06c5c521952e1,assets/explore_images/41c06c5c521952e1.jpg
1832cb60e2f26ad4,assets/explore_images/1832cb60e2f26ad4.jpg
a063c09d219ad7e2,assets/explore_images/a063c09d219ad7e2.jpg
7894804ea124b41f,assets/explore_images/7894804ea124b41f.jpg
26786a1cb5bad22b,assets/explore_images/26786a1cb5bad22b.jpg
6b62c9ecf6c6c566,assets/explore_images/6b62c9ecf6c6c566.jpg
6418f21bd50261b1,assets/explore_images/6418f21bd50261b1.jpg
ae01a9f023565beb,assets/explore_images/ae01a9f023565beb.jpg
00167ec1920e2207,assets/explore_images/00167ec1920e2207.jpg
253169cc7cb4603f,assets/explore_images/253169cc7cb4603f.jpg
aae236150deceb5c,assets/explore_images/aae236150deceb5c.jpg
49d32da5cb36f010,assets/explore_images/49d32da5cb36f010.jpg
4f9d04f603552bab,assets/explore_images/4f9d04f603552bab.jpg
dd0a31e4cc052a59,assets/explore_images/dd0a31e4cc052a59.jpg
af122d877a248baf,assets/explore_images/af122d877a248baf.jpg
48865144a3c56601,assets/explore_images/48865144a3c56601.jpg
efa8f1c6d5dcb724,assets/explore_images/efa8f1c6d5dcb724.jpg
50970353186e2cbd,assets/explore_images/50970353186e2cbd.jpg
b61a34f751bd5b62,assets/explore_images/b61a34f751bd5b62.jpg
719464eeeb6fad47,assets/explore_images/719464eeeb6fad47.jpg
67723d6a21ebb99b,assets/explore_images/67723d6a21ebb99b.jpg
9fb7abb4336bb53c,assets/explore_images/9fb7abb4336bb53c.jpg
ae8dfa30189c0359,assets/explore_images/ae8dfa30189c0359.jpg
1cb48ff68319c891,assets/explore_images/1cb48ff68319c891.jpg
c65b285c77c0f88a,assets/explore_images/c65b285c77c0f88a.jpg
b8f4d3510fb9f927,assets/explore_images/b8f4d3510fb9f927.jpg
7572655f1b1a6d34,assets/explore_images/7572655f1b1a6d34.jpg
beba0c5fff66a768,assets/explore_images/beba0c5fff66a768.jpg
f21f12544360f56c,assets/explore_images/f21f12544360f56c.jpg
fc9296d960d2f8af,assets/explore_images/fc9296d960d2f8af.jpg
b8bf60dc7589f023,assets/explore_images/b8bf60dc7589f023.jpg
9b6c755e1ffe2f52,assets/explore_images/9b6c755e1ffe2f52.jpg
9b6087705b7d46d3,assets/explore_images/9b6087705b7d46d3.jpg
5b838347970f70e2,assets/explore_images/5b838347970f70e2.jpg
b978acbef23cefdf,assets/explore_images/b978acbef23cefdf.jpg
1578d5c6b87d7709,assets/explore_images/1578d5c6b87d7709.jpg
632315a685d753c2,assets/explore_images/632315a685d753c2.jpg
615835616042272b,assets/explore_images/615835616042272b.jpg
dbddb28444bf8e0b,assets/explore_images/dbddb28444bf8e0b.jpg
01ae398ef746138c,assets/explore_images/01ae398ef746138c.jpg
d2c33e9a8b62a1d8,assets/explore_images/d2c33e9a8b62a1d8.jpg
800326fcca5cdb35,assets/explore_images/800326fcca5cdb35.jpg
e087d1d73748b53e,assets/explore_images/e087d1d73748b53e.jpg
b9c7e3dd49a09906,assets/explore_images/b9c7e3dd49a09906.jpg
57b04231e1178345,assets/explore_images/57b04231e1178345.jpg
06d83293f8b3bfd5,assets/explore_images/06d83293f8b3bfd5.jpg
a90794f36182a5f5,assets/explore_images/a90794f36182a5f5.jpg
9cfcbbd376dbcbe2,assets/explore_images/9cfcbbd376dbcbe2.jpg
30569fba0a99d00b,assets/explore_images/30569fba0a99d00b.jpg
7de2516bba7ff3ca,assets/explore_images/7de2516bba7ff3ca.jpg
c35c44e09418b188,assets/explore_images/c35c44e09418b188.jpg
f4d450c57ad41aa9,assets/explore_images/f4d450c57ad41aa9.jpg
cdf66924ef2b53f6,assets/explore_images/cdf66924ef2b53f6.jpg
8d045673ab6ba14a,assets/explore_images/8d045673ab6ba14a.jpg
41f6d51ccf9536ec,assets/explore_images/41f6d51ccf9536ec.jpg
2bfeafdeda80cacb,assets/explore_images/2bfeafdeda80cacb.jpg
41975f36fe677af4,assets/explore_images/41975f36fe677af4.jpg
57f32da3755b6ac3,assets/explore_images/57f32da3755b6ac3.jpg
eedd84c966fcfd44,assets/explore_images/eedd84c966fcfd44.jpg
c030b62f3be1f216,assets/explore_images/c030b62f3be1f216.jpg
13deb8b71ae0a9bc,assets/explore_images/13deb8b71ae0a9bc.jpg
f36487e34800313b,assets/explore_images/f36487e34800313b.jpg
47688181d182bd2b,assets/explore_images/47688181d182bd2b.jpg
c640812e2d26db4b,assets/explore_images/c640812e2d26db4b.jpg
a54087fde35e3163,assets/explore_images/a54087fde35e3163.jpg
f3929cc4202a6335,assets/explore_images/f3929cc4202a6335.jpg
647822d5bcc541c7,assets/explore_images/647822d5bcc541c7.jpg
d8058d43dfa3fbe8,assets/explore_images/d8058d43dfa3fbe8.jpg
ba62eae4d5792403,assets/explore_images/ba62eae4d5792403.jpg
059037e5cb601272,assets/explore_images/059037e5cb601272.jpg
4b68a9dd9661ef64,assets/explore_images/4b68a9dd9661ef64.jpg
89b77d4569f7f19a,assets/explore_images/89b77d4569f7f19a.jpg
6450b2e7cfc5ea99,assets/explore_images/6450b2e7cfc5ea99.jpg
b5ef3248267c59f4,assets/explore_images/b5ef3248267c59f4.jpg
6689807eef43d576,assets/explore_images/6689807eef43d576.jpg
76c4f48efb3de093,assets/explore_images/76c4f48efb3de093.jpg
eb8405a00fb8f8d2,assets/explore_images/eb8405a00fb8f8d2.jpg
6b205b5fe6190a33,assets/explore_images/6b205b5fe6190a33.jpg
7939f398a3beaccc,assets/explore_images/7939f398a3beaccc.jpg
f409488daeb17ed9,assets/explore_images/f409488daeb17ed9.jpg
cd66e9ccfa1493d2,assets/explore_images/cd66e9ccfa1493d2.jpg
f0ad6b0d98b4c729,assets/explore_images/f0ad6b0d98b4c729.jpg
c6d29d2745d5689d,assets/explore_images/c6d29d2745d5689d.jpg
e47f1e1c37286ebe,assets/explore_images/e47f1e1c37286ebe.jpg
1d1a688de774714e,assets/explore_images/1d1a688de774714e.jpg
59d2546a129976a9,assets/explore_images/59d2546a129976a9.jpg
c9c361b57af03760,assets/explore_images/c9c361b57af03760.jpg
6408ab6f6d30a6af,assets/explore_images/6408ab6f6d30a6af.jpg
4aae26b1e9e30d68,assets/explore_images/4aae26b1e9e30d68.jpg
d454580e28fca284,assets/explore_images/d454580e28fca284.jpg
335aae50d85fc3bb,assets/explore_images/335aae50d85fc3bb.jpg
952d16b2e11b7c59,assets/explore_images/952d16b2e11b7c59.jpg
d7a250c9e8123e03,assets/explore_images/d7a250c9e8123e03.jpg
9b3ee796fbb11abe,assets/explore_images/9b3ee796fbb11abe.jpg
c92ff6a705fdc8ce,assets/explore_images/c92ff6a705fdc8ce.jpg
e18ac6cc55931293,assets/explore_images/e18ac6cc55931293.jpg
a4b422eda317ae25,assets/explore_images/a4b422eda317ae25.jpg
b14ca63433e8b3d4,assets/explore_images/b14ca63433e8b3d4.jpg
193ab66aebaaf2f8,assets/explore_images/193ab66aebaaf2f8.jpg
3ce97acb38fd698e,assets/explore_images/3ce97acb38fd698e.jpg
c4ef70e8e4e040b9,assets/explore_images/c4ef70e8e4e040b9.jpg
98f2eb2274982bec,assets/explore_images/98f2eb2274982bec.jpg
2f54abb9d6f6a9ab,assets/explore_images/2f54abb9d6f6a9ab.jpg
c48cf17508fe9cdd,assets/explore_images/c48cf17508fe9cdd.jpg
fc8d21e287340779,assets/explore_images/fc8d21e287340779.jpg
7b1f332edc959f92,assets/explore_images/7b1f332edc959f92.jpg
d93c892df82d19e3,assets/explore_images/d93c892df82d19e3.jpg
dc743e869cc92693,assets/explore_images/dc743e869cc92693.jpg
e0720b15ae72ffa9,assets/explore_images/e0720b15ae72ffa9.jpg
75888ed1b8af1692,assets/explore_images/75888ed1b8af1692.jpg
15cdcc64e58e51cb,assets/explore_images/15cdcc64e58e51cb.jpg
af35b834a235a23f,assets/explore_images/af35b834a235a23f.jpg
2b878f6f995f6ef7,assets/explore_images/2b878f6f995f6ef7.jpg
b6d3244c82337a1c,assets/explore_images/b6d3244c82337a1c.jpg
da0b9eda16e26d29,assets/explore_images/da0b9eda16e26d29.jpg
8c89351739a92896,assets/explore_images/8c89351739a92896.jpg
90cfe43499b9da67,assets/explore_images/90cfe43499b9da67.jpg
960792e0f106361d,assets/explore_images/960792e0f106361d.jpg
f374174d6b92f07b,assets/explore_images/f374174d6b92f07b.jpg
47fbdcc0a6c61e31,assets/explore_images/47fbdcc0a6c61e31.jpg
621d2938a2ef5359,assets/explore_images/621d2938a2ef5359.jpg
6d197a84fb5334c0,assets/explore_images/6d197a84fb5334c0.jpg
76fa4ae0f5f9481f,assets/explore_images/76fa4ae0f5f9481f.jpg
eee0bd585d68cc12,assets/explore_images/eee0bd585d68cc12.jpg
f215c1202c85b56e,assets/explore_images/f215c1202c85b56e.jpg
7b255e9c8f33650a,assets/explore_images/7b255e9c8f33650a.jpg
b1e0f262142b28a9,assets/explore_images/b1e0f262142b28a9.jpg
404d4fcad2c2535f,assets/explore_images/404d4fcad2c2535f.jpg
cbc761c6ae297d12,assets/explore_images/cbc761c6ae297d12.jpg
bb184e92966f944b,assets/explore_images/bb184e92966f944b.jpg
513bd21ba35dcaab,assets/explore_images/513bd21ba35dcaab.jpg
26f4944bec5a53e4,assets/explore_images/26f4944bec5a53e4.jpg
f33e3538e26557d1,assets/explore_images/f33e3538e26557d1.jpg
c5af61c5431e1034,assets/explore_images/c5af61c5431e1034.jpg
0342d9fdba6e446e,assets/explore_images/0342d9fdba6e446e.jpg
ec8c88f62ebacaa7,assets/explore_images/ec8c88f62ebacaa7.jpg
22e6caa438b00773,assets/explore_images/22e6caa438b00773.jpg
5dba37e5dbfc9d93,assets/explore_images/5dba37e5dbfc9d93.jpg
868d7b6476a6b9e3,assets/explore_images/868d7b6476a6b9e3.jpg
fae0d3efee0fc632,assets/explore_images/fae0d3efee0fc632.jpg
f11f4716611d29ad,assets/explore_images/f11f4716611d29ad.jpg
e865358ec3e57e30,assets/explore_images/e865358ec3e57e30.jpg
460b7bfcd86c0941,assets/explore_images/460b7bfcd86c0941.jpg
36ee340cb72316f3,assets/explore_images/36ee340cb72316f3.jpg
6f46f8e428ee130a,assets/explore_images/6f46f8e428ee130a.jpg
1c96419aaad3ad4a,assets/explore_images/1c96419aaad3ad4a.jpg
f6650e1d2a4cd40b,assets/explore_images/f6650e1d2a4cd40b.jpg
b08d16112c592135,assets/explore_images/b08d16112c592135.jpg
258b670d89221565,assets/explore_images/258b670d89221565.jpg
44c164662a0e109d,assets/explore_images/44c164662a0e109d.jpg
2ab1feb8da45ccf2,assets/explore_images/2ab1feb8da45ccf2.jpg
7de9c4e3ef432b6b,assets/explore_images/7de9c4e3ef432b6b.jpg
93ec1ad8430ffcb3,assets/explore_images/93ec1ad8430ffcb3.jpg
ee32e7234256e8f3,assets/explore_images/ee32e7234256e8f3.jpg
8dfa5e1d2c235c37,assets/explore_images/8dfa5e1d2c235c37.jpg
5fb1c37fdf392014,assets/explore_images/5fb1c37fdf392014.jpg
c6653ebd6f7ef789,assets/explore_images/c6653ebd6f7ef789.jpg
621a6c462c9e28c4,assets/explore_images/621a6c462c9e28c4.jpg
e051a91f9a6d3f46,assets/explore_images/e051a91f9a6d3f46.jpg
8e60e7db40339137,assets/explore_images/8e60e7db40339137.jpg
334420d802670ad8,assets/explore_images/334420d802670ad8.jpg
579033cb2ecddaf1,assets/explore_images/579033cb2ecddaf1.jpg
83bf0ebde6c5bdae,assets/explore_images/83bf0ebde6c5bdae.jpg
abcf88c4150f83da,assets/explore_images/abcf88c4150f83da.jpg
a9494bb894d07284,assets/explore_images/a9494bb894d07284.jpg
bda200c5e8f6557c,assets/explore_images/bda200c5e8f6557c.jpg
be6f14a7941aa72b,assets/explore_images/be6f14a7941aa72b.jpg
a8435e70162cf8ca,assets/explore_images/a8435e70162cf8ca.jpg
3482e4a2afa377e9,assets/explore_images/3482e4a2afa377e9.jpg
eaac48a1f5524a50,assets/explore_images/eaac48a1f5524a50.jpg
0c443dfaab1b1d0c,assets/explore_images/0c443dfaab1b1d0c.jpg
db49dbaabd5c766a,assets/explore_images/db49dbaabd5c766a.jpg
6e55d179a5b7ffee,assets/explore_images/6e55d179a5b7ffee.jpg
c4de634813dd1f8b,assets/explore_images/c4de634813dd1f8b.jpg
a8f3b878516b97b0,assets/explore_images/a8f3b878516b97b0.jpg
525b522c4f9b32e3,assets/explore_images/525b522c4f9b32e3.jpg
d2c9ab67e7457107,assets/explore_images/d2c9ab67e7457107.jpg
1b8b67edebe98893,assets/explore_images/1b8b67edebe98893.jpg
4283531ee37065fd,assets/explore_images/4283531ee37065fd.jpg
b5c9729ef8db6c40,assets/explore_images/b5c9729ef8db6c40.jpg
38fd2461c61c20ea,assets/explore_images/38fd2461c61c20ea.jpg
29b3312dc9c524cf,assets/explore_images/29b3312dc9c524cf.jpg
0e056ee0dfd8de78,assets/explore_images/0e056ee0dfd8de78.jpg
856d9183a8029462,assets/explore_images/856d9183a8029462.jpg
5ac306fc07601df2,assets/explore_images/5ac306fc07601df2.jpg
98b7e2e04aa7774f,assets/explore_images/98b7e2e04aa7774f.jpg
71d5226e80801a08,assets/explore_images/71d5226e80801a08.jpg
74082547767490c2,assets/explore_images/74082547767490c2.jpg
922f88a775e5452c,assets/explore_images/922f88a775e5452c.jpg
18ab7f7e1c6ee2a4,assets/explore_images/18ab7f7e1c6ee2a4.jpg
ae47ad63d3fa06af,assets/explore_images/ae47ad63d3fa06af.jpg
aa3ba41b882cdd02,assets/explore_images/aa3ba41b882cdd02.jpg
3e7d87e4dbbe355a,assets/explore_images/3e7d87e4dbbe355a.jpg
54cf2642c88343c3,assets/explore_images/54cf2642c88343c3.jpg
cfcf1b6a885c280c,assets/explore_images/cfcf1b6a885c280c.jpg
f31a242b3a43140a,assets/explore_images/f31a242b3a43140a.jpg
c52d6eace880e351,assets/explore_images/c52d6eace880e351.jpg
28d38247f87896c1,assets/explore_images/28d38247f87896c1.jpg
6242b6e51ce2bfe8,assets/explore_images/6242b6e51ce2bfe8.jpg
eab0e181c35ac8c1,assets/explore_images/eab0e181c35ac8c1.jpg
40f194967ca17ba6,assets/explore_images/40f194967ca17ba6.jpg
b315d4a1ce3554f5,assets/explore_images/b315d4a1ce3554f5.jpg
33f8891ba9ccb6d2,assets/explore_images/33f8891ba9ccb6d2.jpg
8e7130d8940370f4,assets/explore_images/8e7130d8940370f4.jpg
e53d89ff8811029c,assets/explore_images/e53d89ff8811029c.jpg
d4c80a8ac3938ead,assets/explore_images/d4c80a8ac3938ead.jpg
c234cc2cba1ca7d1,assets/explore_images/c234cc2cba1ca7d1.jpg
4bc12c2cc250d131,assets/explore_images/4bc12c2cc250d131.jpg
d721881e3a98a95a,assets/explore_images/d721881e3a98a95a.jpg
cffb1e2c984cb0bb,assets/explore_images/cffb1e2c984cb0bb.jpg
2bbd0e26793315f6,assets/explore_images/2bbd0e26793315f6.jpg
040e2df15232735d,assets/explore_images/040e2df15232735d.jpg
1f47e3ec595d10a0,assets/explore_images/1f47e3ec595d10a0.jpg
de406d12bfcfd0c5,assets/explore_images/de406d12bfcfd0c5.jpg
e16d3efeafe1e0cc,assets/explore_images/e16d3efeafe1e0cc.jpg
ff10c2f647b2ba51,assets/explore_images/ff10c2f647b2ba51.jpg
9da00deba25f75b6,assets/explore_images/9da00deba25f75b6.jpg
92cb82c92b5050bd,assets/explore_images/92cb82c92b5050bd.jpg
de04537e7c9185d2,assets/explore_images/de04537e7c9185d2.jpg
30138f63f4bf75af,assets/explore_images/30138f63f4bf75af.jpg
0a80d1586c24c473,assets/explore_images/0a80d1586c24c473.jpg
e554365b125b67e7,assets/explore_images/e554365b125b67e7.jpg
737599e28be87884,assets/explore_images/737599e28be87884.jpg
94f44950fd84dea5,assets/explore_images/94f44950fd84dea5.jpg
fc422d57fe039208,assets/explore_images/fc422d57fe039208.jpg
930d8bd8c244d621,assets/explore_images/930d8bd8c244d621.jpg
e200a05cbf2bd901,assets/explore_images/e200a05cbf2bd901.jpg
cdff6165b0830355,assets/explore_images/cdff6165b0830355.jpg
0c57acfe1f023726,assets/explore_images/0c57acfe1f023726.jpg
182b4ecd2da0b9d6,assets/explore_images/182b4ecd2da0b9d6.jpg
82bf184a159b0443,assets/explore_images/82bf184a159b0443.jpg
e1105917dc8e6d96,assets/explore_images/e1105917dc8e6d96.jpg
4d6a0dd2ab22b53e,assets/explore_images/4d6a0dd2ab22b53e.jpg
00ef075071e4bfbb,assets/explore_images/00ef075071e4bfbb.jpg
a67b54fa101bdd3a,assets/explore_images/a67b54fa101bdd3a.jpg
1e9070679a819d31,assets/explore_images/1e9070679a819d31.jpg
8c6dbfbcf851b706,assets/explore_images/8c6dbfbcf851b706.jpg
041d22cd11e729b6,assets/explore_images/041d22cd11e729b6.jpg
d8e36bf78a9e62ba,assets/explore_images/d8e36bf78a9e62ba.jpg
cb8827c137268b50,assets/explore_images/cb8827c137268b50.jpg
28d66145be0a6ed5,assets/explore_images/28d66145be0a6ed5.jpg
bbfc3d13d2ad49b7,assets/explore_images/bbfc3d13d2ad49b7.jpg
2c5f3316b9148893,assets/explore_images/2c5f3316b9148893.jpg
44fd0766cf5b9e82,assets/explore_images/44fd0766cf5b9e82.jpg
d36d40dba828fd57,assets/explore_images/d36d40dba828fd57.jpg
8e7a649af718fc22,assets/explore_images/8e7a649af718fc22.jpg
eb09262afe8926dd,assets/explore_images/eb09262afe8926dd.jpg
a5a6501ab0314cd8,assets/explore_images/a5a6501ab0314cd8.jpg
af15acc321fd503c,assets/explore_images/af15acc321fd503c.jpg
cc7332d80c90a4a5,assets/explore_images/cc7332d80c90a4a5.jpg
f1bf144f845a1602,assets/explore_images/f1bf144f845a1602.jpg
3e660c26b14fab3b,assets/explore_images/3e660c26b14fab3b.jpg
5a34adfc078123f8,assets/explore_images/5a34adfc078123f8.jpg
c6e3ad7688f8e0b9,assets/explore_images/c6e3ad7688f8e0b9.jpg
2dca4028e18076fc,assets/explore_images/2dca4028e18076fc.jpg
4734aa8d1647d892,assets/explore_images/4734aa8d1647d892.jpg
86a052edc77cab36,assets/explore_images/86a052edc77cab36.jpg
e8eec5644d4931ff,assets/explore_images/e8eec5644d4931ff.jpg
73ca80d8d0fab8b7,assets/explore_images/73ca80d8d0fab8b7.jpg
05c3a65d8500cc69,assets/explore_images/05c3a65d8500cc69.jpg
2f675f933f3f1cce,assets/explore_images/2f675f933f3f1cce.jpg
85c17d1c92cf7c65,assets/explore_images/85c17d1c92cf7c65.jpg
4da8e627563072c0,assets/explore_images/4da8e627563072c0.jpg
82870127db706dbe,assets/explore_images/82870127db706dbe.jpg
6d3b3eb0914e1f93,assets/explore_images/6d3b3eb0914e1f93.jpg
c256e25b102cc3f1,assets/explore_images/c256e25b102cc3f1.jpg
64e3141690e0d4e6,assets/explore_images/64e3141690e0d4e6.jpg
b16150d46f0ce6e7,assets/explore_images/b16150d46f0ce6e7.jpg
afe1ad06800a6d8e,assets/explore_images/afe1ad06800a6d8e.jpg
684b821ecb4855c7,assets/explore_images/684b821ecb4855c7.jpg
0bf5cf313657c952,assets/explore_images/0bf5cf313657c952.jpg
0c19956078357774,assets/explore_images/0c19956078357774.jpg
2423498eb4a72aea,assets/explore_images/2423498eb4a72aea.jpg
642855e6959db680,assets/explore_images/642855e6959db680.jpg
4e1136a2b635d719,assets/explore_images/4e1136a2b635d719.jpg
5b18368f5814b3d1,assets/explore_images/5b18368f5814b3d1.jpg
17ff91d11ef78871,assets/explore_images/17ff91d11ef78871.jpg
4a59422fc779e9c1,assets/explore_images/4a59422fc779e9c1.jpg
51dc96d9621786a2,assets/explore_images/51dc96d9621786a2.jpg
d76dbaaa3fc713fb,assets/explore_images/d76dbaaa3fc713fb.jpg
c93a73e573b57ded,assets/explore_images/c93a73e573b57ded.jpg
90d659fe0e7164ae,assets/explore_images/90d659fe0e7164ae.jpg
5f7d016b902b03e7,assets/explore_images/5f7d016b902b03e7.jpg
001f57452bf13d0c,assets/explore_images/001f57452bf13d0c.jpg
7714438716c25aed,assets/explore_images/7714438716c25aed.jpg
a8ff580335057ef6,assets/explore_images/a8ff580335057ef6.jpg
86179f6f7ae5adaf,assets/explore_images/86179f6f7ae5adaf.jpg
9d86f72146a5615b,assets/explore_images/9d86f72146a5615b.jpg
f2e72058a345a587,assets/explore_images/f2e72058a345a587.jpg
f130204db308aa32,assets/explore_images/f130204db308aa32.jpg
ac4de5bb57da2725,assets/explore_images/ac4de5bb57da2725.jpg
ad3b7ab9bfa20593,assets/explore_images/ad3b7ab9bfa20593.jpg
2285da5fa68186da,assets/explore_images/2285da5fa68186da.jpg
f193d92ba5e9ca37,assets/explore_images/f193d92ba5e9ca37.jpg
7d2729d19d76e0b3,assets/explore_images/7d2729d19d76e0b3.jpg
a712fbb62c2753ce,assets/explore_images/a712fbb62c2753ce.jpg
c9ff80a3a735c8d5,assets/explore_images/c9ff80a3a735c8d5.jpg
57965c352abf3f6a,assets/explore_images/57965c352abf3f6a.jpg
128ea234a38d9dd8,assets/explore_images/128ea234a38d9dd8.jpg
abb905b56cf6b903,assets/explore_images/abb905b56cf6b903.jpg
b2a5fa02a8ccd260,assets/explore_images/b2a5fa02a8ccd260.jpg
2369734c2ccc24d1,assets/explore_images/2369734c2ccc24d1.jpg
77396195756267bd,assets/explore_images/77396195756267bd.jpg
6ac6d8c5a8a4361f,assets/explore_images/6ac6d8c5a8a4361f.jpg
47e768e9393967bc,assets/explore_images/47e768e9393967bc.jpg
4d31e3a20517d61b,assets/explore_images/4d31e3a20517d61b.jpg
549f2177862a0775,assets/explore_images/549f2177862a0775.jpg
f6ae048b0f148948,assets/explore_images/f6ae048b0f148948.jpg
655d55f5a3874c7c,assets/explore_images/655d55f5a3874c7c.jpg
883b22257ebc87b5,assets/explore_images/883b22257ebc87b5.jpg
0dc5e6081de3ec23,assets/explore_images/0dc5e6081de3ec23.jpg
8fac6dd8d42f8499,assets/explore_images/8fac6dd8d42f8499.jpg
8924e872996ce810,assets/explore_images/8924e872996ce810.jpg
cfaab496f1b92724,assets/explore_images/cfaab496f1b92724.jpg
0c5f56081ba61684,assets/explore_images/0c5f56081ba61684.jpg
6438f9a10f8ae730,assets/explore_images/6438f9a10f8ae730.jpg
a64e205a5a20bbe2,assets/explore_images/a64e205a5a20bbe2.jpg
2fd94eea2462b703,assets/explore_images/2fd94eea2462b703.jpg
7b4eef0674884ea9,assets/explore_images/7b4eef0674884ea9.jpg
3f48c55eec5c8618,assets/explore_images/3f48c55eec5c8618.jpg
1370081cb862fb5e,assets/explore_images/1370081cb862fb5e.jpg
15109ac1ae9dad1e,assets/explore_images/15109ac1ae9dad1e.jpg
ccbf12379cefe128,assets/explore_images/ccbf12379cefe128.jpg
f5c33cf8a0cdf626,assets/explore_images/f5c33cf8a0cdf626.jpg
981312f59c9b5481,assets/explore_images/981312f59c9b5481.jpg
c7022d74d2b9684a,assets/explore_images/c7022d74d2b9684a.jpg
ce702eb62cac77cf,assets/explore_images/ce702eb62cac77cf.jpg
66ee7ec378d40c39,assets/explore_images/66ee7ec378d40c39.jpg
4ed6bff168721875,assets/explore_images/4ed6bff168721875.jpg
aa631985c0cb9ccd,assets/explore_images/aa631985c0cb9ccd.jpg
8a14a3c3a206f934,assets/explore_images/8a14a3c3a206f934.jpg
5589f4094fd8054e,assets/explore_images/5589f4094fd8054e.jpg
22b21da5d344fd56,assets/explore_images/22b21da5d344fd56.jpg
87e45032c0772995,assets/explore_images/87e45032c0772995.jpg
570a658cbd328a60,assets/explore_images/570a658cbd328a60.jpg
0a02e43651651d76,assets/explore_images/0a02e43651651d76.jpg
8200bba53c4782e4,assets/explore_images/8200bba53c4782e4.jpg
86c75640647b6da9,assets/explore_images/86c75640647b6da9.jpg
2a8f4c4bce99f7b0,assets/explore_images/2a8f4c4bce99f7b0.jpg
c35ed4f88d9a2f5e,assets/explore_images/c35ed4f88d9a2f5e.jpg
b4f4dfb4b558baca,assets/explore_images/b4f4dfb4b558baca.jpg
0d8e1293b13b7902,assets/explore_images/0d8e1293b13b7902.jpg
635503f6f34a6db4,assets/explore_images/635503f6f34a6db4.jpg
05f1cee61cc9c325,assets/explore_images/05f1cee61cc9c325.jpg
25be6a9131897d4b,assets/explore_images/25be6a9131897d4b.jpg
9cf919fa3f9fa8df,assets/explore_images/9cf919fa3f9fa8df.jpg
82fc473193abb8ad,assets/explore_images/82fc473193abb8ad.jpg
030deb7cb79191f5,assets/explore_images/030deb7cb79191f5.jpg
2854c8ad19ec47db,assets/explore_images/2854c8ad19ec47db.jpg
be750ab5d04d1737,assets/explore_images/be750ab5d04d1737.jpg
449301ab0e924204,assets/explore_images/449301ab0e924204.jpg
ff98fc6b14c4bbc6,assets/explore_images/ff98fc6b14c4bbc6.jpg
e1dfe66634031be0,assets/explore_images/e1dfe66634031be0.jpg
144ed5f98bda36f4,assets/explore_images/144ed5f98bda36f4.jpg
547867e580a56673,assets/explore_images/547867e580a56673.jpg
d38e5a015055cae7,assets/explore_images/d38e5a015055cae7.jpg
fad36ce5e223cb5f,assets/explore_images/fad36ce5e223cb5f.jpg
16ca4eb410e4b4dd,assets/explore_images/16ca4eb410e4b4dd.jpg
f106c68ac2124be8,assets/explore_images/f106c68ac2124be8.jpg
ba980356bbdda6dc,assets/explore_images/ba980356bbdda6dc.jpg
03a2599ff012ae05,assets/explore_images/03a2599ff012ae05.jpg
a9afda5004c4f1cb,assets/explore_images/a9afda5004c4f1cb.jpg
08dd9f105ad48f2a,assets/explore_images/08dd9f105ad48f2a.jpg
0315a1abd3a08152,assets/explore_images/0315a1abd3a08152.jpg
433263df0b3bd21a,assets/explore_images/433263df0b3bd21a.jpg
ccae5f5b61526c65,assets/explore_images/ccae5f5b61526c65.jpg
be62d9836ba37dd8,assets/explore_images/be62d9836ba37dd8.jpg
6b958bdba13fe50b,assets/explore_images/6b958bdba13fe50b.jpg
80d1d90b6b2bbcc4,assets/explore_images/80d1d90b6b2bbcc4.jpg
1380c02831a1aaf7,assets/explore_images/1380c02831a1aaf7.jpg
578f017af3a8733f,assets/explore_images/578f017af3a8733f.jpg
37930a34d32f78ff,assets/explore_images/37930a34d32f78ff.jpg
aa0e0c743d4584eb,assets/explore_images/aa0e0c743d4584eb.jpg
585059040a19ce20,assets/explore_images/585059040a19ce20.jpg
e61de7a9d347ac82,assets/explore_images/e61de7a9d347ac82.jpg
7ea511d6117aeaa9,assets/explore_images/7ea511d6117aeaa9.jpg
6ca2e0cd4b769173,assets/explore_images/6ca2e0cd4b769173.jpg
278c4a240832cca4,assets/explore_images/278c4a240832cca4.jpg
83bece22d6986963,assets/explore_images/83bece22d6986963.jpg
c315577f88951c35,assets/explore_images/c315577f88951c35.jpg
5116b61496d142a2,assets/explore_images/5116b61496d142a2.jpg
9ce5f37ff797dfef,assets/explore_images/9ce5f37ff797dfef.jpg
c851a9660b0cb8ca,assets/explore_images/c851a9660b0cb8ca.jpg
99abf4f3df750fb4,assets/explore_images/99abf4f3df750fb4.jpg
5179d9462e7e9d35,assets/explore_images/5179d9462e7e9d35.jpg
abaed32d67c3288c,assets/explore_images/abaed32d67c3288c.jpg
7a972738453133e8,assets/explore_images/7a972738453133e8.jpg
c889395614711aec,assets/explore_images/c889395614711aec.jpg
b0be2a8293e280ea,assets/explore_images/b0be2a8293e280ea.jpg
68a1352613b86518,assets/explore_images/68a1352613b86518.jpg
1dc889bf35d3fd35,assets/explore_images/1dc889bf35d3fd35.jpg
db61fef9cb1f93d3,assets/explore_images/db61fef9cb1f93d3.jpg
24d4850eb746f126,assets/explore_images/24d4850eb746f126.jpg
a0113d1e20115479,assets/explore_images/a0113d1e20115479.jpg
6e3b7a1882528cb9,assets/explore_images/6e3b7a1882528cb9.jpg
832da092857d5823,assets/explore_images/832da092857d5823.jpg
d28aeb3aff417e7a,assets/explore_images/d28aeb3aff417e7a.jpg
c2e32185f2718e9e,assets/explore_images/c2e32185f2718e9e.jpg
ec806ebdc08db318,assets/explore_images/ec806ebdc08db318.jpg
1d5dd4eb00f50e9d,assets/explore_images/1d5dd4eb00f50e9d.jpg
726b4daacda793f8,assets/explore_images/726b4daacda793f8.jpg
7ec94c26eeb0a095,assets/explore_images/7ec94c26eeb0a095.jpg
e56a00ed3142e466,assets/explore_images/e56a00ed3142e466.jpg
200d16359c100e18,assets/explore_images/200d16359c100e18.jpg
90088bacf0549280,assets/explore_images/90088bacf0549280.jpg
9bc63277e4319161,assets/explore_images/9bc63277e4319161.jpg
1c35f90d4f1653fc,assets/explore_images/1c35f90d4f1653fc.jpg
6dff4203414a4db1,assets/explore_images/6dff4203414a4db1.jpg
5b4b4dc3fd221c8a,assets/explore_images/5b4b4dc3fd221c8a.jpg
de485bc1529625f6,assets/explore_images/de485bc1529625f6.jpg
d796187abddd253a,assets/explore_images/d796187abddd253a.jpg
1d9088a85ec3e5f3,assets/explore_images/1d9088a85ec3e5f3.jpg
2296ef8ec850f888,assets/explore_images/2296ef8ec850f888.jpg
a4784cdb920251c7,assets/explore_images/a4784cdb920251c7.jpg
fa6edad772fdb32e,assets/explore_images/fa6edad772fdb32e.jpg
be3c60d457b30a00,assets/explore_images/be3c60d457b30a00.jpg
714b577d28dee677,assets/explore_images/714b577d28dee677.jpg
06b245d36c96160d,assets/explore_images/06b245d36c96160d.jpg
632b6eb4351beee6,assets/explore_images/632b6eb4351beee6.jpg
5dc81ae75beb83d3,assets/explore_images/5dc81ae75beb83d3.jpg
84ee3ab402cdef97,assets/explore_images/84ee3ab402cdef97.jpg
c07446b049d4eb6b,assets/explore_images/c07446b049d4eb6b.jpg
3f0dd949fad93a67,assets/explore_images/3f0dd949fad93a67.jpg
d6c1ccd74c84ec7a,assets/explore_images/d6c1ccd74c84ec7a.jpg
c609bc43b395b816,assets/explore_images/c609bc43b395b816.jpg
4f7e8dc7b49026e9,assets/explore_images/4f7e8dc7b49026e9.jpg
92416a880f0dc86b,assets/explore_images/92416a880f0dc86b.jpg
58e18dc123c53cb5,assets/explore_images/58e18dc123c53cb5.jpg
5563284db73387ee,assets/explore_images/5563284db73387ee.jpg
7f6bea47c06362b4,assets/explore_images/7f6bea47c06362b4.jpg
0b502577a2e4e3b8,assets/explore_images/0b502577a2e4e3b8.jpg
142ca0baf791add3,assets/explore_images/142ca0baf791add3.jpg
182bf9ccf6e57120,assets/explore_images/182bf9ccf6e57120.jpg
82ba1b1de1d36564,assets/explore_images/82ba1b1de1d36564.jpg
a168e5466656a8b2,assets/explore_images/a168e5466656a8b2.jpg
4f491ba32f0bf2aa,assets/explore_images/4f491ba32f0bf2aa.jpg
3d3391bd2dcc4ccd,assets/explore_images/3d3391bd2dcc4ccd.jpg
b1e487d2bc986f6e,assets/explore_images/b1e487d2bc986f6e.jpg
82a0f23b17dc3ac7,assets/explore_images/82a0f23b17dc3ac7.jpg
a049c8dc4c170c2a,assets/explore_images/a049c8dc4c170c2a.jpg
738d3d2d3768b569,assets/explore_images/738d3d2d3768b569.jpg
4b4dea294ef2579f,assets/explore_images/4b4dea294ef2579f.jpg
b54e4e74054f4362,assets/explore_images/b54e4e74054f4362.jpg
094d0cc18bee44ae,assets/explore_images/094d0cc18bee44ae.jpg
ca018dccc4ecea73,assets/explore_images/ca018dccc4ecea73.jpg
08ef2b6cc4a3357a,assets/explore_images/08ef2b6cc4a3357a.jpg
d9ec2c864e105a08,assets/explore_images/d9ec2c864e105a08.jpg
47785bc8092ee9a1,assets/explore_images/47785bc8092ee9a1.jpg
309aca3163ba7472,assets/explore_images/309aca3163ba7472.jpg
37cd198767cffd2e,assets/explore_images/37cd198767cffd2e.jpg
440f6ae5cae4b9c3,assets/explore_images/440f6ae5cae4b9c3.jpg
5ad809889ada880f,assets/explore_images/5ad809889ada880f.jpg
849093db6f4181b2,assets/explore_images/849093db6f4181b2.jpg
6f828c267852972c,assets/explore_images/6f828c267852972c.jpg
b5d2200ea01fcbaa,assets/explore_images/b5d2200ea01fcbaa.jpg
c1b03f6cf065489e,assets/explore_images/c1b03f6cf065489e.jpg
9278ada35b0a2e8f,assets/explore_images/9278ada35b0a2e8f.jpg
29c87cfce10dd109,assets/explore_images/29c87cfce10dd109.jpg
1486b1537c8be16a,assets/explore_images/1486b1537c8be16a.jpg
cb733f2b43f5105e,assets/explore_images/cb733f2b43f5105e.jpg
26ef66c74d8bcd64,assets/explore_images/26ef66c74d8bcd64.jpg
0dfd42db7a61d891,assets/explore_images/0dfd42db7a61d891.jpg
449beed89ffb9393,assets/explore_images/449beed89ffb9393.jpg
0fae978b9b99ab2d,assets/explore_images/0fae978b9b99ab2d.jpg
23d30cf6d84dc89b,assets/explore_images/23d30cf6d84dc89b.jpg
94841d9210e3501c,assets/explore_images/94841d9210e3501c.jpg
60f4e92d1dff6d34,assets/explore_images/60f4e92d1dff6d34.jpg
ac111e7917c1f851,assets/explore_images/ac111e7917c1f851.jpg
866e7f920e2ace35,assets/explore_images/866e7f920e2ace35.jpg
362f9612233c0118,assets/explore_images/362f9612233c0118.jpg
ec89e95e52bb6084,assets/explore_images/ec89e95e52bb6084.jpg
f8e2cb74ad221479,assets/explore_images/f8e2cb74ad221479.jpg
91cf2ad53af295ff,assets/explore_images/91cf2ad53af295ff.jpg
13a8d3583186cc18,assets/explore_images/13a8d3583186cc18.jpg
2f1881103163337e,assets/explore_images/2f1881103163337e.jpg
5d626046169e22c1,assets/explore_images/5d626046169e22c1.jpg
2f4aec022ac9ff66,assets/explore_images/2f4aec022ac9ff66.jpg
2986dd28a4473614,assets/explore_images/2986dd28a4473614.jpg
d6fcc53fe13916af,assets/explore_images/d6fcc53fe13916af.jpg
17b4dcdbdc9877d5,assets/explore_images/17b4dcdbdc9877d5.jpg
931677efd761c61a,assets/explore_images/931677efd761c61a.jpg
8ff6b257760fb844,assets/explore_images/8ff6b257760fb844.jpg
65f8353987c3eae3,assets/explore_images/65f8353987c3eae3.jpg
3145861094d1e035,assets/explore_images/3145861094d1e035.jpg
78ab00371054a931,assets/explore_images/78ab00371054a931.jpg
75d16dfd94e58721,assets/explore_images/75d16dfd94e58721.jpg
d474cea771f078d2,assets/explore_images/d474cea771f078d2.jpg
08ce7f773728e64f,assets/explore_images/08ce7f773728e64f.jpg
cb5e00b0180fb293,assets/explore_images/cb5e00b0180fb293.jpg
c44945cc1b6c0b2a,assets/explore_images/c44945cc1b6c0b2a.jpg
a75bd369715f49ac,assets/explore_images/a75bd369715f49ac.jpg
3e60e3f246cbe3d9,assets/explore_images/3e60e3f246cbe3d9.jpg
6f53e92fc905ce04,assets/explore_images/6f53e92fc905ce04.jpg
32df276aaa59e3e3,assets/explore_images/32df276aaa59e3e3.jpg
f152c444adc51984,assets/explore_images/f152c444adc51984.jpg
18016243f206b64f,assets/explore_images/18016243f206b64f.jpg
cdda8fec65f3cb35,assets/explore_images/cdda8fec65f3cb35.jpg
97d0d76ff71f8fa5,assets/explore_images/97d0d76ff71f8fa5.jpg
4e2e54bc86ff86c6,assets/explore_images/4e2e54bc86ff86c6.jpg
3b0c4f7465de8732,assets/explore_images/3b0c4f7465de8732.jpg
e3f0d3c7e42f0e91,assets/explore_images/e3f0d3c7e42f0e91.jpg
16ccbd715944ed87,assets/explore_images/16ccbd715944ed87.jpg
63e65d89268a4d5c,assets/explore_images/63e65d89268a4d5c.jpg
4343adaaf3e53dc6,assets/explore_images/4343adaaf3e53dc6.jpg
8eb66439efe695e9,assets/explore_images/8eb66439efe695e9.jpg
e05bc055c1f1c14d,assets/explore_images/e05bc055c1f1c14d.jpg
e1210feadc6280ba,assets/explore_images/e1210feadc6280ba.jpg
3117aa861819c6ae,assets/explore_images/3117aa861819c6ae.jpg
8dd09fe547e701e7,assets/explore_images/8dd09fe547e701e7.jpg
3185370ac212022d,assets/explore_images/3185370ac212022d.jpg
9d21b7de5051fff8,assets/explore_images/9d21b7de5051fff8.jpg
5ead6d896c321a37,assets/explore_images/5ead6d896c321a37.jpg
6d8d3f5273c999fb,assets/explore_images/6d8d3f5273c999fb.jpg
a011b07e22a7f1fd,assets/explore_images/a011b07e22a7f1fd.jpg
c5f864800ebefcc0,assets/explore_images/c5f864800ebefcc0.jpg
7a6e86e93dfe0f35,assets/explore_images/7a6e86e93dfe0f35.jpg
2c3527a9a8746c4c,assets/explore_images/2c3527a9a8746c4c.jpg
a3ef7e6ef6fcd8f4,assets/explore_images/a3ef7e6ef6fcd8f4.jpg
902eca84cb5e767f,assets/explore_images/902eca84cb5e767f.jpg
ee7fe749d8a4f466,assets/explore_images/ee7fe749d8a4f466.jpg
67e4ede833e26f47,assets/explore_images/67e4ede833e26f47.jpg
b969f6c434bbe1ad,assets/explore_images/b969f6c434bbe1ad.jpg
db79daeed8022dcf,assets/explore_images/db79daeed8022dcf.jpg
ee61ca3145334a77,assets/explore_images/ee61ca3145334a77.jpg
7787275ee7649b4b,assets/explore_images/7787275ee7649b4b.jpg
121b105f487ffbe8,assets/explore_images/121b105f487ffbe8.jpg
170574b72b2e8020,assets/explore_images/170574b72b2e8020.jpg
631a5268070de7f5,assets/explore_images/631a5268070de7f5.jpg
aa0a306f6db839e7,assets/explore_images/aa0a306f6db839e7.jpg
d7ff3ac68627fe35,assets/explore_images/d7ff3ac68627fe35.jpg
da9ee5c4afc8f591,assets/explore_images/da9ee5c4afc8f591.jpg
4eea1ea7fef085fa,assets/explore_images/4eea1ea7fef085fa.jpg
9eca2d7964b342a9,assets/explore_images/9eca2d7964b342a9.jpg
7b95ef0957010c5f,assets/explore_images/7b95ef0957010c5f.jpg
20426859d6b8e20c,assets/explore_images/20426859d6b8e20c.jpg
df8e1f2f47779649,assets/explore_images/df8e1f2f47779649.jpg
3ea2954779fcec33,assets/explore_images/3ea2954779fcec33.jpg
d35fbde57f04d0db,assets/explore_images/d35fbde57f04d0db.jpg
e553e8c43c3555fb,assets/explore_images/e553e8c43c3555fb.jpg
17cab1caf20c16cb,assets/explore_images/17cab1caf20c16cb.jpg
8f6fe22ed3734702,assets/explore_images/8f6fe22ed3734702.jpg
563e166d27f86e75,assets/explore_images/563e166d27f86e75.jpg
d68e4ad5de91398b,assets/explore_images/d68e4ad5de91398b.jpg
b798cd2b500f753e,assets/explore_images/b798cd2b500f753e.jpg
d7929ef0d5b37989,assets/explore_images/d7929ef0d5b37989.jpg
17bf8ee241bbc3cc,assets/explore_images/17bf8ee241bbc3cc.jpg
46f0d47b8b2d92b8,assets/explore_images/46f0d47b8b2d92b8.jpg
0e117814ae30af81,assets/explore_images/0e117814ae30af81.jpg
5c4cd1046d584c01,assets/explore_images/5c4cd1046d584c01.jpg
cb3ba7a22bce83d4,assets/explore_images/cb3ba7a22bce83d4.jpg
56999510d745c6d8,assets/explore_images/56999510d745c6d8.jpg
b86d76595a91be0b,assets/explore_images/b86d76595a91be0b.jpg
4c99ea644fbc0a64,assets/explore_images/4c99ea644fbc0a64.jpg
3821598a43d4f27f,assets/explore_images/3821598a43d4f27f.jpg
acae1b8b9d6a6628,assets/explore_images/acae1b8b9d6a6628.jpg
fa025d60dce50050,assets/explore_images/fa025d60dce50050.jpg
47af9c9db10fa943,assets/explore_images/47af9c9db10fa943.jpg
13305149a69a44b9,assets/explore_images/13305149a69a44b9.jpg
bb520a58e1742268,assets/explore_images/bb520a58e1742268.jpg
a7164d38e7476c74,assets/explore_images/a7164d38e7476c74.jpg
17b11ec9ba9c7355,assets/explore_images/17b11ec9ba9c7355.jpg
01db2ff8cbed32ce,assets/explore_images/01db2ff8cbed32ce.jpg
fcfe4bc2ac3cab6f,assets/explore_images/fcfe4bc2ac3cab6f.jpg
b69418452cc36e95,assets/explore_images/b69418452cc36e95.jpg
e14b0ef34121fe5f,assets/explore_images/e14b0ef34121fe5f.jpg
3b6bb589028f6b63,assets/explore_images/3b6bb589028f6b63.jpg
e9fc3bad50439737,assets/explore_images/e9fc3bad50439737.jpg
539cafb37d8c1e26,assets/explore_images/539cafb37d8c1e26.jpg
ae23ffb88ad56a45,assets/explore_images/ae23ffb88ad56a45.jpg
bb6ac6b7e1658fb4,assets/explore_images/bb6ac6b7e1658fb4.jpg
9ef5d09c71159cc7,assets/explore_images/9ef5d09c71159cc7.jpg
edc778f455a1d647,assets/explore_images/edc778f455a1d647.jpg
dd3f3b79ae765c2b,assets/explore_images/dd3f3b79ae765c2b.jpg
6d6cc1203a39a388,assets/explore_images/6d6cc1203a39a388.jpg
4d91d5c377480769,assets/explore_images/4d91d5c377480769.jpg
e58940925cbd30ff,assets/explore_images/e58940925cbd30ff.jpg
6fa71d6eb98e15ee,assets/explore_images/6fa71d6eb98e15ee.jpg
a6b54fef7316d209,assets/explore_images/a6b54fef7316d209.jpg
5990eadfc95a4905,assets/explore_images/5990eadfc95a4905.jpg
e40878e024a62332,assets/explore_images/e40878e024a62332.jpg
84fdb7bb7e618d5e,assets/explore_images/84fdb7bb7e618d5e.jpg
ad8149ad9c382524,assets/explore_images/ad8149ad9c382524.jpg
3b493015d3dc3d26,assets/explore_images/3b493015d3dc3d26.jpg
d5be231ca1f74414,assets/explore_images/d5be231ca1f74414.jpg
5913b28c13a3f206,assets/explore_images/5913b28c13a3f206.jpg
0b324b7b3638ad34,assets/explore_images/0b324b7b3638ad34.jpg
8a40cd9a79f04f63,assets/explore_images/8a40cd9a79f04f63.jpg
e313bfb15017294b,assets/explore_images/e313bfb15017294b.jpg
68140b4d03811ff7,assets/explore_images/68140b4d03811ff7.jpg
6644fa9a31eafdc4,assets/explore_images/6644fa9a31eafdc4.jpg
170e6dbd84943d7c,assets/explore_images/170e6dbd84943d7c.jpg
68a9771a5c7fc8c3,assets/explore_images/68a9771a5c7fc8c3.jpg
c6e68a67d305b9a7,assets/explore_images/c6e68a67d305b9a7.jpg
e03305dcd1c58c2b,assets/explore_images/e03305dcd1c58c2b.jpg
6dd65d1209f9e8b3,assets/explore_images/6dd65d1209f9e8b3.jpg
b69e3f8ef2eb10db,assets/explore_images/b69e3f8ef2eb10db.jpg
caefa886091240c2,assets/explore_images/caefa886091240c2.jpg
5f610682bd7cd814,assets/explore_images/5f610682bd7cd814.jpg
6ec9f9c207c1d254,assets/explore_images/6ec9f9c207c1d254.jpg
d8aaa116cb6a853b,assets/explore_images/d8aaa116cb6a853b.jpg
68d09f548062cd63,assets/explore_images/68d09f548062cd63.jpg
b678b2f1d63f64d0,assets/explore_images/b678b2f1d63f64d0.jpg
af55bc12344b1307,assets/explore_images/af55bc12344b1307.jpg
7a3920fc95664709,assets/explore_images/7a3920fc95664709.jpg
3d58718e753465c9,assets/explore_images/3d58718e753465c9.jpg
dbe5aa646ee633f7,assets/explore_images/dbe5aa646ee633f7.jpg
06b23afc46e04ebe,assets/explore_images/06b23afc46e04ebe.jpg
4e4099cf606327fd,assets/explore_images/4e4099cf606327fd.jpg
a4aae54fc33dea0a,assets/explore_images/a4aae54fc33dea0a.jpg
f369672c8fb651b9,assets/explore_images/f369672c8fb651b9.jpg
050af0d550677661,assets/explore_images/050af0d550677661.jpg
b33c49ab434a5fc9,assets/explore_images/b33c49ab434a5fc9.jpg
abe20b71ac51d387,assets/explore_images/abe20b71ac51d387.jpg
6cab82fc13da8bba,assets/explore_images/6cab82fc13da8bba.jpg
ea4c300f12074df0,assets/explore_images/ea4c300f12074df0.jpg
23a4ed4521a2c5d1,assets/explore_images/23a4ed4521a2c5d1.jpg
1272311cfc58ac09,assets/explore_images/1272311cfc58ac09.jpg
ac03c195c9a48446,assets/explore_images/ac03c195c9a48446.jpg
4750baddd37d21b3,assets/explore_images/4750baddd37d21b3.jpg
b2e0327eea8f9cee,assets/explore_images/b2e0327eea8f9cee.jpg
6d6ab502643d02db,assets/explore_images/6d6ab502643d02db.jpg
27867c514303c3c7,assets/explore_images/27867c514303c3c7.jpg
2256ec19231998a1,assets/explore_images/2256ec19231998a1.jpg
fdebacf23d6ff84c,assets/explore_images/fdebacf23d6ff84c.jpg
1134e57d304b0853,assets/explore_images/1134e57d304b0853.jpg
2a3857744063c6e8,assets/explore_images/2a3857744063c6e8.jpg
a619640f256857a5,assets/explore_images/a619640f256857a5.jpg
c165e9f8cda6bdd4,assets/explore_images/c165e9f8cda6bdd4.jpg
53e67eaa89a75e46,assets/explore_images/53e67eaa89a75e46.jpg
5816cf2ae7f25098,assets/explore_images/5816cf2ae7f25098.jpg
070ded8b4acaaa43,assets/explore_images/070ded8b4acaaa43.jpg
533c5033ed35f2a7,assets/explore_images/533c5033ed35f2a7.jpg
65159d9a51aa15b8,assets/explore_images/65159d9a51aa15b8.jpg
c04f3211b08363fc,assets/explore_images/c04f3211b08363fc.jpg
3ae5b7c0ad0b18d8,assets/explore_images/3ae5b7c0ad0b18d8.jpg
d0081bbdff0aaf6b,assets/explore_images/d0081bbdff0aaf6b.jpg
f9a849919038c186,assets/explore_images/f9a849919038c186.jpg
643881b9237d0c17,assets/explore_images/643881b9237d0c17.jpg
2d01b4ff9dc394d9,assets/explore_images/2d01b4ff9dc394d9.jpg
9867a3099c27f93e,assets/explore_images/9867a3099c27f93e.jpg
becd81077e6cf34c,assets/explore_images/becd81077e6cf34c.jpg
9776bfe6e66ea6ca,assets/explore_images/9776bfe6e66ea6ca.jpg
d9ec2c5cfd4e09d8,assets/explore_images/d9ec2c5cfd4e09d8.jpg
4f6af2245fbcb817,assets/explore_images/4f6af2245fbcb817.jpg
7c08a385eaaf64c3,assets/explore_images/7c08a385eaaf64c3.jpg
864cca99de437c3f,assets/explore_images/864cca99de437c3f.jpg
582d9f9d2fe6f148,assets/explore_images/582d9f9d2fe6f148.jpg
14958665d16e0465,assets/explore_images/14958665d16e0465.jpg
65045ed514acef14,assets/explore_images/65045ed514acef14.jpg
aff174ee11d5ad8f,assets/explore_images/aff174ee11d5ad8f.jpg
221d2f59081f8a1d,assets/explore_images/221d2f59081f8a1d.jpg
867f7f0ebe7791fa,assets/explore_images/867f7f0ebe7791fa.jpg
4974723399e28766,assets/explore_images/4974723399e28766.jpg
4a9518f2ab8daf94,assets/explore_images/4a9518f2ab8daf94.jpg
04595d4158065f07,assets/explore_images/04595d4158065f07.jpg
e5bfdb817e36f2cb,assets/explore_images/e5bfdb817e36f2cb.jpg
3c0e9d1aefa115fc,assets/explore_images/3c0e9d1aefa115fc.jpg
f68f4aaf884e34ef,assets/explore_images/f68f4aaf884e34ef.jpg
adc70ed300f7e54c,assets/explore_images/adc70ed300f7e54c.jpg
0c6caa0ba5e65d21,assets/explore_images/0c6caa0ba5e65d21.jpg
6d256bdfa3271f4b,assets/explore_images/6d256bdfa3271f4b.jpg
8e22a4b45bb0fdb6,assets/explore_images/8e22a4b45bb0fdb6.jpg
1aeae2c3f92d5542,assets/explore_images/1aeae2c3f92d5542.jpg
7a340355100fda3f,assets/explore_images/7a340355100fda3f.jpg
b61521d8c664cd03,assets/explore_images/b61521d8c664cd03.jpg
cec26c1151a74c37,assets/explore_images/cec26c1151a74c37.jpg
88b57bb6b9333e9c,assets/explore_images/88b57bb6b9333e9c.jpg
951cbc87cf8fecb9,assets/explore_images/951cbc87cf8fecb9.jpg
eab91850d20771c1,assets/explore_images/eab91850d20771c1.jpg
aad57f9fd43b2c37,assets/explore_images/aad57f9fd43b2c37.jpg
ba1aff6b8accd310,assets/explore_images/ba1aff6b8accd310.jpg
bd1e6f3cfb64277d,assets/explore_images/bd1e6f3cfb64277d.jpg
aad1e891e2783cd9,assets/explore_images/aad1e891e2783cd9.jpg
eabb7a2aec259759,assets/explore_images/eabb7a2aec259759.jpg
9eede3e57c4a8bd2,assets/explore_images/9eede3e57c4a8bd2.jpg
d6afd67c9a5202eb,assets/explore_images/d6afd67c9a5202eb.jpg
972df2a712b715d1,assets/explore_images/972df2a712b715d1.jpg
17e3e4aa73e558db,assets/explore_images/17e3e4aa73e558db.jpg
7bb75c6313601a7f,assets/explore_images/7bb75c6313601a7f.jpg
2bf1981f5320e38f,assets/explore_images/2bf1981f5320e38f.jpg
ab9328137381b33a,assets/explore_images/ab9328137381b33a.jpg
a8eb3e5c96503ce9,assets/explore_images/a8eb3e5c96503ce9.jpg
7967198df01e11ff,assets/explore_images/7967198df01e11ff.jpg
2cb65e563697be96,assets/explore_images/2cb65e563697be96.jpg
c71799ff0efe6f7d,assets/explore_images/c71799ff0efe6f7d.jpg
bd518aed87ec4dfa,assets/explore_images/bd518aed87ec4dfa.jpg
230407a2f9120985,assets/explore_images/230407a2f9120985.jpg
5a423a738754f37e,assets/explore_images/5a423a738754f37e.jpg
78d028b9f1e63844,assets/explore_images/78d028b9f1e63844.jpg
e8217c1cc5235c7e,assets/explore_images/e8217c1cc5235c7e.jpg
aef09d8c2238f7bc,assets/explore_images/aef09d8c2238f7bc.jpg
a5faec9a84732a5f,assets/explore_images/a5faec9a84732a5f.jpg
07df16a5e4469edb,assets/explore_images/07df16a5e4469edb.jpg
4081709347dd00d9,assets/explore_images/4081709347dd00d9.jpg
2bf21c4e5dfa5bc3,assets/explore_images/2bf21c4e5dfa5bc3.jpg
51b2e998b5806ca4,assets/explore_images/51b2e998b5806ca4.jpg
e99f93396aea2690,assets/explore_images/e99f93396aea2690.jpg
715a2845bcc3184b,assets/explore_images/715a2845bcc3184b.jpg
520e5099ee529fa6,assets/explore_images/520e5099ee529fa6.jpg
0684b6ae31fc7c6e,assets/explore_images/0684b6ae31fc7c6e.jpg
7feb40d58365a2db,assets/explore_images/7feb40d58365a2db.jpg
89cd37866833b935,assets/explore_images/89cd37866833b935.jpg
3392ad502fab3f81,assets/explore_images/3392ad502fab3f81.jpg
4fa5f7322f6cb4e5,assets/explore_images/4fa5f7322f6cb4e5.jpg
ddfcef547f07cc7b,assets/explore_images/ddfcef547f07cc7b.jpg
d959cd701071e906,assets/explore_images/d959cd701071e906.jpg
e61dd8611cd61e77,assets/explore_images/e61dd8611cd61e77.jpg
a566ba7e3b9eba50,assets/explore_images/a566ba7e3b9eba50.jpg
ecc22cbbf231f0b5,assets/explore_images/ecc22cbbf231f0b5.jpg
26ac2f65f5a68dd6,assets/explore_images/26ac2f65f5a68dd6.jpg
f0effbf2888c7ba7,assets/explore_images/f0effbf2888c7ba7.jpg
23a30ceaa05a3b49,assets/explore_images/23a30ceaa05a3b49.jpg
e375b658a1c718af,assets/explore_images/e375b658a1c718af.jpg
1aadab9715df3c40,assets/explore_images/1aadab9715df3c40.jpg
f0a30362b6839b92,assets/explore_images/f0a30362b6839b92.jpg
3bf9755a23a05b78,assets/explore_images/3bf9755a23a05b78.jpg
bae055a6a3f547d4,assets/explore_images/bae055a6a3f547d4.jpg
fdb04af6a3b37cec,assets/explore_images/fdb04af6a3b37cec.jpg
e5cdccd36ae9014f,assets/explore_images/e5cdccd36ae9014f.jpg
0438f3dbfb9bcf25,assets/explore_images/0438f3dbfb9bcf25.jpg
1180d4717844a5f6,assets/explore_images/1180d4717844a5f6.jpg
6aff8f20b89c952c,assets/explore_images/6aff8f20b89c952c.jpg
bfd7ca8166209fba,assets/explore_images/bfd7ca8166209fba.jpg
1c47eb80b11e1a17,assets/explore_images/1c47eb80b11e1a17.jpg
3c0f36b48fe027dc,assets/explore_images/3c0f36b48fe027dc.jpg
d46353d2857009e1,assets/explore_images/d46353d2857009e1.jpg
e2bf9e2c4d1c8c26,assets/explore_images/e2bf9e2c4d1c8c26.jpg
98e9f58b2e275fa9,assets/explore_images/98e9f58b2e275fa9.jpg
eb88d18d241e7e67,assets/explore_images/eb88d18d241e7e67.jpg
86166a314d8269fb,assets/explore_images/86166a314d8269fb.jpg
d52b60c7d71b199a,assets/explore_images/d52b60c7d71b199a.jpg
4f2f076c27d28d76,assets/explore_images/4f2f076c27d28d76.jpg
accad7d832b07926,assets/explore_images/accad7d832b07926.jpg
78c072fd83c7a62a,assets/explore_images/78c072fd83c7a62a.jpg
42f84d6f98415131,assets/explore_images/42f84d6f98415131.jpg
1a121a2c31c2694d,assets/explore_images/1a121a2c31c2694d.jpg
6795ad8bc8048637,assets/explore_images/6795ad8bc8048637.jpg
8f086ee61368672c,assets/explore_images/8f086ee61368672c.jpg
11b28bf4bcea05a3,assets/explore_images/11b28bf4bcea05a3.jpg
f5fbca96e280135a,assets/explore_images/f5fbca96e280135a.jpg
2f263163f99df7db,assets/explore_images/2f263163f99df7db.jpg
5c113ef340ed3664,assets/explore_images/5c113ef340ed3664.jpg
365434223138fdf9,assets/explore_images/365434223138fdf9.jpg
f590061a9b3c7eef,assets/explore_images/f590061a9b3c7eef.jpg
8899dd3f493c328b,assets/explore_images/8899dd3f493c328b.jpg
7db5ea6822d84452,assets/explore_images/7db5ea6822d84452.jpg
1c74f27b7d6f763d,assets/explore_images/1c74f27b7d6f763d.jpg
b795a85aad82030d,assets/explore_images/b795a85aad82030d.jpg
75bdde9ec4eb298b,assets/explore_images/75bdde9ec4eb298b.jpg
a62620a469dbdb1d,assets/explore_images/a62620a469dbdb1d.jpg
5f8fb4736f352ffa,assets/explore_images/5f8fb4736f352ffa.jpg
87fce2011450102e,assets/explore_images/87fce2011450102e.jpg
e0fd13bd8b07d6a1,assets/explore_images/e0fd13bd8b07d6a1.jpg
10cf300b70e4ef20,assets/explore_images/10cf300b70e4ef20.jpg
87ace7d38946ec81,assets/explore_images/87ace7d38946ec81.jpg
4b9830be411a2363,assets/explore_images/4b9830be411a2363.jpg
d798b249827fbc52,assets/explore_images/d798b249827fbc52.jpg
b22eadb16cf4fd1f,assets/explore_images/b22eadb16cf4fd1f.jpg
77a25f7dfdcf4731,assets/explore_images/77a25f7dfdcf4731.jpg
a5d7417b3f45bccb,assets/explore_images/a5d7417b3f45bccb.jpg
2fbb403a694dce5b,assets/explore_images/2fbb403a694dce5b.jpg
ac734d0bf1ce0278,assets/explore_images/ac734d0bf1ce0278.jpg
1eb947458cef7c20,assets/explore_images/1eb947458cef7c20.jpg
b82f103407032d9b,assets/explore_images/b82f103407032d9b.jpg
be751c96d570d122,assets/explore_images/be751c96d570d122.jpg
1a8bde747249691c,assets/explore_images/1a8bde747249691c.jpg
bf6db0c3981a9005,assets/explore_images/bf6db0c3981a9005.jpg
ead8ce7d6b052cd3,assets/explore_images/ead8ce7d6b052cd3.jpg
afc4ced50928eb60,assets/explore_images/afc4ced50928eb60.jpg
29c7508d84041dd0,assets/explore_images/29c7508d84041dd0.jpg
b0492af27ffc6144,assets/explore_images/b0492af27ffc6144.jpg
a73b96d30a599d71,assets/explore_images/a73b96d30a599d71.jpg
78620c2bfe2bcd91,assets/explore_images/78620c2bfe2bcd91.jpg
44ec43c9a9288da0,assets/explore_images/44ec43c9a9288da0.jpg
be9faf86898b09b3,assets/explore_images/be9faf86898b09b3.jpg
2cae3937448c706f,assets/explore_images/2cae3937448c706f.jpg
164961efd152003f,assets/explore_images/164961efd152003f.jpg
916408ee3a67ddc1,assets/explore_images/916408ee3a67ddc1.jpg
4daf70c101ac1fc8,assets/explore_images/4daf70c101ac1fc8.jpg
adf4357b6c47efc8,assets/explore_images/adf4357b6c47efc8.jpg
2b4b950dfa2f7684,assets/explore_images/2b4b950dfa2f7684.jpg
06d7f88c548baac5,assets/explore_images/06d7f88c548baac5.jpg
464d46011ccc6832,assets/explore_images/464d46011ccc6832.jpg
12c4f8882c437443,assets/explore_images/12c4f8882c437443.jpg
c69f7ca83a078c58,assets/explore_images/c69f7ca83a078c58.jpg
bbcbcbecd1f9b882,assets/explore_images/bbcbcbecd1f9b882.jpg
310107f3b4da5f3c,assets/explore_images/310107f3b4da5f3c.jpg
be65111ad5f765f3,assets/explore_images/be65111ad5f765f3.jpg
2a12c8328781cd1c,assets/explore_images/2a12c8328781cd1c.jpg
1e23d34763d26bc2,assets/explore_images/1e23d34763d26bc2.jpg
d59b5c4fb31e5fd3,assets/explore_images/d59b5c4fb31e5fd3.jpg
0a047361bfee7aa4,assets/explore_images/0a047361bfee7aa4.jpg
721191cd73d2d285,assets/explore_images/721191cd73d2d285.jpg
248c7ca0ca83a4d3,assets/explore_images/248c7ca0ca83a4d3.jpg
ddcbc1342659191e,assets/explore_images/ddcbc1342659191e.jpg
e39d8691e321ebd7,assets/explore_images/e39d8691e321ebd7.jpg
3a76d5c8699f07f0,assets/explore_images/3a76d5c8699f07f0.jpg
22b55a64212360d6,assets/explore_images/22b55a64212360d6.jpg
40bf0b90cf4a1332,assets/explore_images/40bf0b90cf4a1332.jpg
2892dcb3d4d767df,assets/explore_images/2892dcb3d4d767df.jpg
6a8822ba9291ecc8,assets/explore_images/6a8822ba9291ecc8.jpg
68d15001e8c8ace1,assets/explore_images/68d15001e8c8ace1.jpg
91c9fa600920046b,assets/explore_images/91c9fa600920046b.jpg
93379dec087277e5,assets/explore_images/93379dec087277e5.jpg
5aea0be654171379,assets/explore_images/5aea0be654171379.jpg
9d3528c8473cffe4,assets/explore_images/9d3528c8473cffe4.jpg
058bf7615fdbbd39,assets/explore_images/058bf7615fdbbd39.jpg
d116b36aaaaa35a1,assets/explore_images/d116b36aaaaa35a1.jpg
c337027cd48a6c46,assets/explore_images/c337027cd48a6c46.jpg
886fc791617dcfc0,assets/explore_images/886fc791617dcfc0.jpg
4857aec3c2053442,assets/explore_images/4857aec3c2053442.jpg
c909c080a0df76ec,assets/explore_images/c909c080a0df76ec.jpg
6fcf2bc9348f8dcd,assets/explore_images/6fcf2bc9348f8dcd.jpg
dc4900630f78730e,assets/explore_images/dc4900630f78730e.jpg
61e834cab85b8de6,assets/explore_images/61e834cab85b8de6.jpg
b21e5747d5fd2ffa,assets/explore_images/b21e5747d5fd2ffa.jpg
89e64183354b2584,assets/explore_images/89e64183354b2584.jpg
3856cb2de44c3eae,assets/explore_images/3856cb2de44c3eae.jpg
aa99f2c4cbabcc66,assets/explore_images/aa99f2c4cbabcc66.jpg
c679ec346d2a3b22,assets/explore_images/c679ec346d2a3b22.jpg
3069046f0f49ea1d,assets/explore_images/3069046f0f49ea1d.jpg
a8f2af8b2ed0f0f7,assets/explore_images/a8f2af8b2ed0f0f7.jpg
b6eabb3a5b0d888d,assets/explore_images/b6eabb3a5b0d888d.jpg
def602e80602cb7a,assets/explore_images/def602e80602cb7a.jpg
b986ccb07bb54039,assets/explore_images/b986ccb07bb54039.jpg
f5513a105ea57199,assets/explore_images/f5513a105ea57199.jpg
58a2379534a7bb48,assets/explore_images/58a2379534a7bb48.jpg
cdbfe6daaca901a6,assets/explore_images/cdbfe6daaca901a6.jpg
887b9838f166161b,assets/explore_images/887b9838f166161b.jpg
e17c7e18d777d9bb,assets/explore_images/e17c7e18d777d9bb.jpg
daa3d9467bb5ce53,assets/explore_images/daa3d9467bb5ce53.jpg
74e821d1f1c110c0,assets/explore_images/74e821d1f1c110c0.jpg
ce04fa561a2856a4,assets/explore_images/ce04fa561a2856a4.jpg
448f6add60b08824,assets/explore_images/448f6add60b08824.jpg
914659f85863ce1d,assets/explore_images/914659f85863ce1d.jpg
5b01d40b33616c9e,assets/explore_images/5b01d40b33616c9e.jpg
545ce6e0ff958f4e,assets/explore_images/545ce6e0ff958f4e.jpg
bb0cd09f14c5aa87,assets/explore_images/bb0cd09f14c5aa87.jpg
681f381512c015c7,assets/explore_images/681f381512c015c7.jpg
e87abdd4e5bc9873,assets/explore_images/e87abdd4e5bc9873.jpg
2a10dd45c1194a0a,assets/explore_images/2a10dd45c1194a0a.jpg
f4b7f844a7babcf9,assets/explore_images/f4b7f844a7babcf9.jpg
f781ef7983c1f44a,assets/explore_images/f781ef7983c1f44a.jpg
80f5a4cd3265634c,assets/explore_images/80f5a4cd3265634c.jpg
1da10b519d278b4e,assets/explore_images/1da10b519d278b4e.jpg
0a1d04505c32e5cb,assets/explore_images/0a1d04505c32e5cb.jpg
a5d92dff41c44225,assets/explore_images/a5d92dff41c44225.jpg
b74e81bfdf063e54,assets/explore_images/b74e81bfdf063e54.jpg
da0b53e4f9017bfd,assets/explore_images/da0b53e4f9017bfd.jpg
51403868e03ba93f,assets/explore_images/51403868e03ba93f.jpg
a25ccf0958cc8a11,assets/explore_images/a25ccf0958cc8a11.jpg
0b22d8b5de311bc7,assets/explore_images/0b22d8b5de311bc7.jpg
8ae2ab4001aee81a,assets/explore_images/8ae2ab4001aee81a.jpg
cb20eb1fd02f221b,assets/explore_images/cb20eb1fd02f221b.jpg
34e5f264dce907b7,assets/explore_images/34e5f264dce907b7.jpg
da1f7928b02c5e43,assets/explore_images/da1f7928b02c5e43.jpg
2b5402aa1d358db7,assets/explore_images/2b5402aa1d358db7.jpg
2801a6c8939612c0,assets/explore_images/2801a6c8939612c0.jpg
66ca186bd66fa09c,assets/explore_images/66ca186bd66fa09c.jpg
afd766d3220c63c4,assets/explore_images/afd766d3220c63c4.jpg
4da2c251b5899d84,assets/explore_images/4da2c251b5899d84.jpg
2c33bce4b625a089,assets/explore_images/2c33bce4b625a089.jpg
cc3017094196a17a,assets/explore_images/cc3017094196a17a.jpg
a701f66f7e167e22,assets/explore_images/a701f66f7e167e22.jpg
4d8154e76c5123d7,assets/explore_images/4d8154e76c5123d7.jpg
f422970950d7c60d,assets/explore_images/f422970950d7c60d.jpg
0da9d62e8d6d54a7,assets/explore_images/0da9d62e8d6d54a7.jpg
a0f6bd5dff965175,assets/explore_images/a0f6bd5dff965175.jpg
4bc0681f8639c204,assets/explore_images/4bc0681f8639c204.jpg
a899f8fd323797fb,assets/explore_images/a899f8fd323797fb.jpg
bea67acde93735c0,assets/explore_images/bea67acde93735c0.jpg
efc386919f900dcc,assets/explore_images/efc386919f900dcc.jpg
fbb5a38fcb9330b2,assets/explore_images/fbb5a38fcb9330b2.jpg
d0e71f9399244a03,assets/explore_images/d0e71f9399244a03.jpg
7ab2394ea9d51e86,assets/explore_images/7ab2394ea9d51e86.jpg
1942f50cc2b195cd,assets/explore_images/1942f50cc2b195cd.jpg
76cdf10a1cc7cd88,assets/explore_images/76cdf10a1cc7cd88.jpg
2108a50128ba7551,assets/explore_images/2108a50128ba7551.jpg
dbd0180db48dffef,assets/explore_images/dbd0180db48dffef.jpg
ec62dc2cdbda0007,assets/explore_images/ec62dc2cdbda0007.jpg
f2223e15b4440b16,assets/explore_images/f2223e15b4440b16.jpg
7b0f0833e4d31fda,assets/explore_images/7b0f0833e4d31fda.jpg
03c944a9fab28645,assets/explore_images/03c944a9fab28645.jpg
a080d25b3035a0a0,assets/explore_images/a080d25b3035a0a0.jpg
bd99ea3bcc18c9f1,assets/explore_images/bd99ea3bcc18c9f1.jpg
e7604c2137f4ddfb,assets/explore_images/e7604c2137f4ddfb.jpg
22695fb1a6783f2a,assets/explore_images/22695fb1a6783f2a.jpg
affab7261f5b5864,assets/explore_images/affab7261f5b5864.jpg
8bc65f746440d6ce,assets/explore_images/8bc65f746440d6ce.jpg
9fa6f2884255522f,assets/explore_images/9fa6f2884255522f.jpg
ad0a0e5c2cacc40c,assets/explore_images/ad0a0e5c2cacc40c.jpg
c649f28c76700e7f,assets/explore_images/c649f28c76700e7f.jpg
853b84e5d931dbf2,assets/explore_images/853b84e5d931dbf2.jpg
0edd2fc9ac31ca4f,assets/explore_images/0edd2fc9ac31ca4f.jpg
f7e3888d8009385f,assets/explore_images/f7e3888d8009385f.jpg
f0a75aa12696370b,assets/explore_images/f0a75aa12696370b.jpg
7df23f89d803ce30,assets/explore_images/7df23f89d803ce30.jpg
d35e7076fbda1ce1,assets/explore_images/d35e7076fbda1ce1.jpg
50c64a68f44ec1e5,assets/explore_images/50c64a68f44ec1e5.jpg
caa51153929b7955,assets/explore_images/caa51153929b7955.jpg
e5fd18e61eccf45f,assets/explore_images/e5fd18e61eccf45f.jpg
58643d32034d6210,assets/explore_images/58643d32034d6210.jpg
07ff88e5ddf0970a,assets/explore_images/07ff88e5ddf0970a.jpg
5c2ee0c401d7d3b2,assets/explore_images/5c2ee0c401d7d3b2.jpg
7a89960908db6ad2,assets/explore_images/7a89960908db6ad2.jpg
60948a4a402131e8,assets/explore_images/60948a4a402131e8.jpg
248962e68ff8a26d,assets/explore_images/248962e68ff8a26d.jpg
d6caa620be6a27e8,assets/explore_images/d6caa620be6a27e8.jpg
815245a6030a5cec,assets/explore_images/815245a6030a5cec.jpg
e6e954e6b629fb60,assets/explore_images/e6e954e6b629fb60.jpg
11697f1b29202620,assets/explore_images/11697f1b29202620.jpg
d275205e1e7b2743,assets/explore_images/d275205e1e7b2743.jpg
c02ed600fb443ec4,assets/explore_images/c02ed600fb443ec4.jpg
e8b0476020e53d97,assets/explore_images/e8b0476020e53d97.jpg
c493f173a6a4e650,assets/explore_images/c493f173a6a4e650.jpg
ba77728741d97c25,assets/explore_images/ba77728741d97c25.jpg
8f02d55363774409,assets/explore_images/8f02d55363774409.jpg
184e4035b74f4cac,assets/explore_images/184e4035b74f4cac.jpg
7c04c9d880ca0fba,assets/explore_images/7c04c9d880ca0fba.jpg
96f6c6a1e4ffbe56,assets/explore_images/96f6c6a1e4ffbe56.jpg
f7fc4192b71019eb,assets/explore_images/f7fc4192b71019eb.jpg
be4becc315a7175d,assets/explore_images/be4becc315a7175d.jpg
698792e7b4c23eeb,assets/explore_images/698792e7b4c23eeb.jpg
7dd049beb2f6b6af,assets/explore_images/7dd049beb2f6b6af.jpg
05303c401209ab3f,assets/explore_images/05303c401209ab3f.jpg
a2e7ed2d81b631bf,assets/explore_images/a2e7ed2d81b631bf.jpg
9122f818c5dbacd1,assets/explore_images/9122f818c5dbacd1.jpg
7340af8c30ae72c2,assets/explore_images/7340af8c30ae72c2.jpg
f9870eeae52700c1,assets/explore_images/f9870eeae52700c1.jpg
09cdb0876018261d,assets/explore_images/09cdb0876018261d.jpg
a10e95a489cebb04,assets/explore_images/a10e95a489cebb04.jpg
4e5e806307ac704c,assets/explore_images/4e5e806307ac704c.jpg
3f99c1d4597c7617,assets/explore_images/3f99c1d4597c7617.jpg
cc97954ad4b72bd3,assets/explore_images/cc97954ad4b72bd3.jpg
11fbd495cf55bd65,assets/explore_images/11fbd495cf55bd65.jpg
11fba5b4a92a929f,assets/explore_images/11fba5b4a92a929f.jpg
34fb63dc7b274ae4,assets/explore_images/34fb63dc7b274ae4.jpg
7e9b471b994ebff2,assets/explore_images/7e9b471b994ebff2.jpg
b65ce3f7b5cc8311,assets/explore_images/b65ce3f7b5cc8311.jpg
d4b7d0667af79f3e,assets/explore_images/d4b7d0667af79f3e.jpg
4279c62a9080f17a,assets/explore_images/4279c62a9080f17a.jpg
0a3e4d59c3029096,assets/explore_images/0a3e4d59c3029096.jpg
a256d23d89d72142,assets/explore_images/a256d23d89d72142.jpg
e576488841f23b48,assets/explore_images/e576488841f23b48.jpg
f0b314292c96976a,assets/explore_images/f0b314292c96976a.jpg
2170714f649fb475,assets/explore_images/2170714f649fb475.jpg
d092947fb895c327,assets/explore_images/d092947fb895c327.jpg
cea266f4d60c9081,assets/explore_images/cea266f4d60c9081.jpg
254cb9be7e5d162a,assets/explore_images/254cb9be7e5d162a.jpg
c4f5f31638f761ed,assets/explore_images/c4f5f31638f761ed.jpg
8891520c65f3c577,assets/explore_images/8891520c65f3c577.jpg
d0b5baf079f151d7,assets/explore_images/d0b5baf079f151d7.jpg
ccce32c00ed70677,assets/explore_images/ccce32c00ed70677.jpg
aee3952bb2d43a2a,assets/explore_images/aee3952bb2d43a2a.jpg
23a144fc9c3e5465,assets/explore_images/23a144fc9c3e5465.jpg
14ecbb217645c7a6,assets/explore_images/14ecbb217645c7a6.jpg
bb0e3cdc2a9dab0e,assets/explore_images/bb0e3cdc2a9dab0e.jpg
1de9af6d03d6914b,assets/explore_images/1de9af6d03d6914b.jpg
e4928fd1e9b7a6cf,assets/explore_images/e4928fd1e9b7a6cf.jpg
85b44b9888762c27,assets/explore_images/85b44b9888762c27.jpg
131bf98e313a18e8,assets/explore_images/131bf98e313a18e8.jpg
b6027f874ad8ddb0,assets/explore_images/b6027f874ad8ddb0.jpg
273fedf88ceba2a4,assets/explore_images/273fedf88ceba2a4.jpg
ff16b2e3675c6723,assets/explore_images/ff16b2e3675c6723.jpg
a7ff503aa7f67063,assets/explore_images/a7ff503aa7f67063.jpg
701c79ac4a89e04f,assets/explore_images/701c79ac4a89e04f.jpg
f551839550133997,assets/explore_images/f551839550133997.jpg
e75b1e379bb183ed,assets/explore_images/e75b1e379bb183ed.jpg
f9bccc812a09fc41,assets/explore_images/f9bccc812a09fc41.jpg
5ae11bf561f5baa8,assets/explore_images/5ae11bf561f5baa8.jpg
456901385ea8e4c7,assets/explore_images/456901385ea8e4c7.jpg
f6b5eb786b198294,assets/explore_images/f6b5eb786b198294.jpg
dc33331c61d1cae9,assets/explore_images/dc33331c61d1cae9.jpg
8499fb30b594cc3e,assets/explore_images/8499fb30b594cc3e.jpg
88f120bbcc2e18ba,assets/explore_images/88f120bbcc2e18ba.jpg
50b64a6b107b8be9,assets/explore_images/50b64a6b107b8be9.jpg
79efa2127837aedb,assets/explore_images/79efa2127837aedb.jpg
991ae9ee39ae7236,assets/explore_images/991ae9ee39ae7236.jpg
7654d06e7305053c,assets/explore_images/7654d06e7305053c.jpg
10611307f1e1ae35,assets/explore_images/10611307f1e1ae35.jpg
7545e19f65b5e776,assets/explore_images/7545e19f65b5e776.jpg
fcdd562fa6412108,assets/explore_images/fcdd562fa6412108.jpg
4042185a774ac1d9,assets/explore_images/4042185a774ac1d9.jpg
1bf8556713f25c92,assets/explore_images/1bf8556713f25c92.jpg
eb515baaaf480de3,assets/explore_images/eb515baaaf480de3.jpg
58e303ee4f87ce35,assets/explore_images/58e303ee4f87ce35.jpg
5aee9be54e686525,assets/explore_images/5aee9be54e686525.jpg
fa293cabd0d9284a,assets/explore_images/fa293cabd0d9284a.jpg
662bceb2e08f86c8,assets/explore_images/662bceb2e08f86c8.jpg
04709a8bb0ed3e8f,assets/explore_images/04709a8bb0ed3e8f.jpg
f4d6235c5829a81e,assets/explore_images/f4d6235c5829a81e.jpg
48ab241484b8ef86,assets/explore_images/48ab241484b8ef86.jpg
5d4c05af2220af45,assets/explore_images/5d4c05af2220af45.jpg
12b9ff50dcb70901,assets/explore_images/12b9ff50dcb70901.jpg
558bd6e661363f31,assets/explore_images/558bd6e661363f31.jpg
501d51ae03cc5182,assets/explore_images/501d51ae03cc5182.jpg
46087bda7d8b7c6b,assets/explore_images/46087bda7d8b7c6b.jpg
a428d6dd80ddead0,assets/explore_images/a428d6dd80ddead0.jpg
99eec4fdd06cd1c7,assets/explore_images/99eec4fdd06cd1c7.jpg
e21600d7671229df,assets/explore_images/e21600d7671229df.jpg
27efcfe9ab36b890,assets/explore_images/27efcfe9ab36b890.jpg
7785e279f48b427f,assets/explore_images/7785e279f48b427f.jpg
4f1b86511d1116be,assets/explore_images/4f1b86511d1116be.jpg
ef381221f6626c6a,assets/explore_images/ef381221f6626c6a.jpg
b7f97b510fa4a8b1,assets/explore_images/b7f97b510fa4a8b1.jpg
e789c276b59aa2ff,assets/explore_images/e789c276b59aa2ff.jpg
85acb0be45c3ec43,assets/explore_images/85acb0be45c3ec43.jpg
6af575a2d16a1b37,assets/explore_images/6af575a2d16a1b37.jpg
998e731dac850a3e,assets/explore_images/998e731dac850a3e.jpg
3ae7714c3e8d2554,assets/explore_images/3ae7714c3e8d2554.jpg
e04c67be73786625,assets/explore_images/e04c67be73786625.jpg
56da06af3b311d7a,assets/explore_images/56da06af3b311d7a.jpg
5d6daba41533dcac,assets/explore_images/5d6daba41533dcac.jpg
0b25e9f1228adfc5,assets/explore_images/0b25e9f1228adfc5.jpg
a1e67832ff52c8ec,assets/explore_images/a1e67832ff52c8ec.jpg
ecc0fa0ec67e2670,assets/explore_images/ecc0fa0ec67e2670.jpg
63977b3850a1b3b8,assets/explore_images/63977b3850a1b3b8.jpg
c19fd7c1ac3f20af,assets/explore_images/c19fd7c1ac3f20af.jpg
487c7627ab18d48b,assets/explore_images/487c7627ab18d48b.jpg
416e9dfda39248e9,assets/explore_images/416e9dfda39248e9.jpg
eeac72e922ce2346,assets/explore_images/eeac72e922ce2346.jpg
98d163128206557c,assets/explore_images/98d163128206557c.jpg
89f18ff2d2cb51ef,assets/explore_images/89f18ff2d2cb51ef.jpg
e5663042a8e79a2b,assets/explore_images/e5663042a8e79a2b.jpg
e5613bfa617e6918,assets/explore_images/e5613bfa617e6918.jpg
e6e280486319a2e6,assets/explore_images/e6e280486319a2e6.jpg
d8a12c0f67a7493a,assets/explore_images/d8a12c0f67a7493a.jpg
e25ed6617eddf84d,assets/explore_images/e25ed6617eddf84d.jpg
8e4d0a2a2c6c112f,assets/explore_images/8e4d0a2a2c6c112f.jpg
79dfa94393ac3606,assets/explore_images/79dfa94393ac3606.jpg
57e9171b7c7a9442,assets/explore_images/57e9171b7c7a9442.jpg
878d1cb87bedfdcd,assets/explore_images/878d1cb87bedfdcd.jpg
1394725aacdcf8bf,assets/explore_images/1394725aacdcf8bf.jpg
b837973674be3075,assets/explore_images/b837973674be3075.jpg
0b5f79320e32fd74,assets/explore_images/0b5f79320e32fd74.jpg
e7e71a62567badcb,assets/explore_images/e7e71a62567badcb.jpg
2c63d2ada3dae30e,assets/explore_images/2c63d2ada3dae30e.jpg
fef878fbebdba04d,assets/explore_images/fef878fbebdba04d.jpg
dbef37ee17db4ba2,assets/explore_images/dbef37ee17db4ba2.jpg
f2f5e9b421990478,assets/explore_images/f2f5e9b421990478.jpg
1d473104df1a4783,assets/explore_images/1d473104df1a4783.jpg
884157c843f90c06,assets/explore_images/884157c843f90c06.jpg
0c74fbb6ebe96c5f,assets/explore_images/0c74fbb6ebe96c5f.jpg
6cdffccd40a0dd32,assets/explore_images/6cdffccd40a0dd32.jpg
a25606d5322eb701,assets/explore_images/a25606d5322eb701.jpg
afc67ab984964e9f,assets/explore_images/afc67ab984964e9f.jpg
dfa51576881b7098,assets/explore_images/dfa51576881b7098.jpg
9911d163a840e5cb,assets/explore_images/9911d163a840e5cb.jpg
88276b1e3c0933b6,assets/explore_images/88276b1e3c0933b6.jpg
4950dc3fb6d476d0,assets/explore_images/4950dc3fb6d476d0.jpg
53f60b09a2885ffa,assets/explore_images/53f60b09a2885ffa.jpg
49d4aeadf9337cdd,assets/explore_images/49d4aeadf9337cdd.jpg
2ca17f02b656f15b,assets/explore_images/2ca17f02b656f15b.jpg
cb713a20e50ec165,assets/explore_images/cb713a20e50ec165.jpg
dccbb64bf3208356,assets/explore_images/dccbb64bf3208356.jpg
3f58a55e5442836d,assets/explore_images/3f58a55e5442836d.jpg
836b39b70f8a13cf,assets/explore_images/836b39b70f8a13cf.jpg
49972f1bce8ab63c,assets/explore_images/49972f1bce8ab63c.jpg
d3b861835bc88019,assets/explore_images/d3b861835bc88019.jpg
5e6e328554bed7fa,assets/explore_images/5e6e328554bed7fa.jpg
8071aa1c1d84cc84,assets/explore_images/8071aa1c1d84cc84.jpg
f09af807f62881fd,assets/explore_images/f09af807f62881fd.jpg
7213972b3d18a00b,assets/explore_images/7213972b3d18a00b.jpg
00f62abad1b3b92f,assets/explore_images/00f62abad1b3b92f.jpg
4da3954aead9ab5d,assets/explore_images/4da3954aead9ab5d.jpg
0093a13b0639f24f,assets/explore_images/0093a13b0639f24f.jpg
aff1e2454f415bd8,assets/explore_images/aff1e2454f415bd8.jpg
e4c73b6ccf7c2d87,assets/explore_images/e4c73b6ccf7c2d87.jpg
8c05f3a296f0d794,assets/explore_images/8c05f3a296f0d794.jpg
bf774212c1266cf4,assets/explore_images/bf774212c1266cf4.jpg
1cc068a2efdc4be4,assets/explore_images/1cc068a2efdc4be4.jpg
089c0581e34c9717,assets/explore_images/089c0581e34c9717.jpg
0296f24d0a6e57f1,assets/explore_images/0296f24d0a6e57f1.jpg
a5d15f317dc8d60e,assets/explore_images/a5d15f317dc8d60e.jpg
3b0ecb6dbcfde557,assets/explore_images/3b0ecb6dbcfde557.jpg
193756730f49f74d,assets/explore_images/193756730f49f74d.jpg
9ec69a28dc592d29,assets/explore_images/9ec69a28dc592d29.jpg
1448e3a3869bfe89,assets/explore_images/1448e3a3869bfe89.jpg
4468615acf0a2189,assets/explore_images/4468615acf0a2189.jpg
c2e4a89939e8b4e2,assets/explore_images/c2e4a89939e8b4e2.jpg
20a9fac07d9c9ed9,assets/explore_images/20a9fac07d9c9ed9.jpg
2046dbdd15d2007b,assets/explore_images/2046dbdd15d2007b.jpg
6048815f4c0061e1,assets/explore_images/6048815f4c0061e1.jpg
2d52ee3c4e93d46f,assets/explore_images/2d52ee3c4e93d46f.jpg
644aea499bf0e92b,assets/explore_images/644aea499bf0e92b.jpg
d24645190d42b7de,assets/explore_images/d24645190d42b7de.jpg
81403397dcfbd730,assets/explore_images/81403397dcfbd730.jpg
83a6bb29bc8ee7dc,assets/explore_images/83a6bb29bc8ee7dc.jpg
143ca8a077778e14,assets/explore_images/143ca8a077778e14.jpg
e6355c76f4751e90,assets/explore_images/e6355c76f4751e90.jpg
bd55a027bf54a61c,assets/explore_images/bd55a027bf54a61c.jpg
64fd31b8611a771d,assets/explore_images/64fd31b8611a771d.jpg
f0a30b514b2a4301,assets/explore_images/f0a30b514b2a4301.jpg
f46b62fb46d3db2f,assets/explore_images/f46b62fb46d3db2f.jpg
e992c66c171acbc1,assets/explore_images/e992c66c171acbc1.jpg
b85bb42aa316ccb5,assets/explore_images/b85bb42aa316ccb5.jpg
eb9b93db38e2ad15,assets/explore_images/eb9b93db38e2ad15.jpg
07562d82c3072415,assets/explore_images/07562d82c3072415.jpg
58b398fe2302c7b7,assets/explore_images/58b398fe2302c7b7.jpg
c3780e6cc10a4a22,assets/explore_images/c3780e6cc10a4a22.jpg
77e958c0ece33693,assets/explore_images/77e958c0ece33693.jpg
3af4d8201c5e3820,assets/explore_images/3af4d8201c5e3820.jpg
e937c0c636a6f47d,assets/explore_images/e937c0c636a6f47d.jpg
f4fa9488a437869d,assets/explore_images/f4fa9488a437869d.jpg
02691fde5699d79b,assets/explore_images/02691fde5699d79b.jpg
3e6cf53f7a867601,assets/explore_images/3e6cf53f7a867601.jpg
72d9048b5ec6396d,assets/explore_images/72d9048b5ec6396d.jpg
0fc79ae13246cf54,assets/explore_images/0fc79ae13246cf54.jpg
61bbae0d411e5b61,assets/explore_images/61bbae0d411e5b61.jpg
62702211af5780cf,assets/explore_images/62702211af5780cf.jpg
772e8797bf3bb193,assets/explore_images/772e8797bf3bb193.jpg
73a2c5503aa9e318,assets/explore_images/73a2c5503aa9e318.jpg
1dfc5a9843b2e2ff,assets/explore_images/1dfc5a9843b2e2ff.jpg
bcd5b0f1c9dd16a3,assets/explore_images/bcd5b0f1c9dd16a3.jpg
cf5820a470889ba4,assets/explore_images/cf5820a470889ba4.jpg
a6d889d7098b7768,assets/explore_images/a6d889d7098b7768.jpg
464a6b72b71db962,assets/explore_images/464a6b72b71db962.jpg
c2b9e3749d257bdc,assets/explore_images/c2b9e3749d257bdc.jpg
af535d7f510eac60,assets/explore_images/af535d7f510eac60.jpg
386923fcdd0522d3,assets/explore_images/386923fcdd0522d3.jpg
9cb71e3950333fa3,assets/explore_images/9cb71e3950333fa3.jpg
7feba6d9820f0ba7,assets/explore_images/7feba6d9820f0ba7.jpg
c8c67bf0b2e463dc,assets/explore_images/c8c67bf0b2e463dc.jpg
d89044965fae69a9,assets/explore_images/d89044965fae69a9.jpg
f442afba672af863,assets/explore_images/f442afba672af863.jpg
a0751c55075fb4a8,assets/explore_images/a0751c55075fb4a8.jpg
2eb2bf55c0a0a1b4,assets/explore_images/2eb2bf55c0a0a1b4.jpg
6e691eee84c441fe,assets/explore_images/6e691eee84c441fe.jpg
243bf4f092c7b1e2,assets/explore_images/243bf4f092c7b1e2.jpg
